provider_org_code,period_month,pressure_index_0_100,rtt_growth,rtt_over18_share,rtt_over52_share,dm01_breach,ae_pressure,kh03_occupancy
RBL,2019-04-01,29.26146606777279,0.04889295876251038,0.18093333333333333,0.0,0.0053,0.2643,0.9127
RBL,2019-05-01,19.61010786200996,0.017791943578916315,0.16612,0.0,0.0068,0.18889999999999996,0.9127
RBL,2019-06-01,18.61521068231124,-0.06668490234142674,0.19646666666666668,0.0,0.0047,0.16529999999999997,0.9127
RBL,2019-07-01,19.039325327711065,-0.08295295026995625,0.17978666666666668,0.0,0.0083,0.18069999999999997,0.9108
RBL,2019-08-01,21.249121520457113,-0.049054067968365714,0.181,0.0,0.0166,0.20140000000000002,0.9108
RBL,2019-09-01,27.611539619973026,-0.040500201335423036,0.20334285714285713,0.0,0.0089,0.2438,0.9108
RBL,2019-10-01,33.38772267546674,-0.07835331587880742,0.19712,0.0,0.0053,0.2732,0.9285
RBL,2019-11-01,36.4585815992911,-0.07743086912498184,0.20654,0.0,0.0082,0.2921000000000001,0.9285
RBL,2019-12-01,34.553121276010636,-0.06409820012138998,0.2044,0.0,0.0093,0.27869999999999995,0.9285
RBL,2020-01-01,30.85953494056895,-0.10329785794618944,0.22604,0.0,0.012,0.2952,0.8778
RBL,2020-02-01,37.70892535215571,-0.11951248797359486,0.26796666666666663,0.0,0.0048,0.32430000000000003,0.8778
RBL,2020-03-01,30.04002811134537,-0.13836159554209876,0.2641,0.0005743969808620348,0.0325,0.27280000000000004,0.8778
RBL,2020-04-01,1.670180584838207,-0.16849413570199762,0.31662,0.0022209790011211445,0.5479,0.14549999999999993,0.5201
RBL,2020-05-01,1.5033458612155102,-0.13577112711918277,0.4059466666666667,0.007972249133485208,0.5348,0.06340000000000001,0.5201
RBL,2020-06-01,3.512695939132826,-0.11718479123652373,0.5099866666666667,0.015496538070900812,0.251,0.0999,0.5201
RBL,2020-07-01,11.198704433648057,0.033468477852991986,0.5421333333333334,0.022681960986285117,0.21160000000000004,0.0956,0.6945
RBL,2020-08-01,12.644605371711432,0.07173250544851566,0.4464666666666667,0.025188430768554537,0.1651,0.15039999999999998,0.6945
RBL,2020-09-01,17.004919485440155,-0.0035313971975060292,0.37912666666666667,0.028372867944255604,0.1122,0.23119999999999996,0.6945
RBL,2020-10-01,35.84074311730375,-0.09459057025654334,0.32377333333333336,0.030506115389063893,0.0948,0.2842,0.8326
RBL,2020-11-01,29.596794258999775,-0.14354198243252783,0.30040000000000006,0.03248652939311657,0.0629,0.238,0.8326
RBL,2020-12-01,33.385278210651755,-0.17002392122762594,0.2782,0.02904252461644752,0.0515,0.28220000000000006,0.8326
RBL,2021-01-01,51.76765361933572,-0.13343607234663696,0.29550666666666664,0.03950510469485237,0.0597,0.35440000000000005,0.875
RBL,2021-02-01,39.41577290921869,-0.1077093700120212,0.30418666666666666,0.049265825690888415,0.057,0.23180000000000003,0.875
RBL,2021-03-01,42.393131053869894,-0.05303742655110286,0.30452666666666667,0.06246897173116754,0.0265,0.22199999999999998,0.875
RBL,2021-04-01,33.3419908128864,-0.06623102730001872,0.25155,0.03118910088304122,0.0226,0.23929999999999996,0.8749
RBL,2021-05-01,33.56301117324126,0.019892384999053644,0.23894444444444446,0.022491398287787238,0.0147,0.26480000000000004,0.8749
RBL,2021-06-01,25.50391623633901,0.07307401294131102,0.21586666666666665,0.01852362348886584,0.0323,0.22019999999999995,0.8749
RBL,2021-07-01,37.458876972122916,0.11038280143630669,0.21214999999999998,0.017147465472132414,0.1247,0.3216,0.8918000000000001
RBL,2021-08-01,39.80709098501747,0.14836125246413182,0.22028333333333333,0.017477092010271544,0.1395,0.33720000000000006,0.8918000000000001
RBL,2021-09-01,45.554638881249936,0.01344570700155465,0.22647222222222224,0.018519659752030744,0.0873,0.36560000000000004,0.8918000000000001
RBL,2021-10-01,52.60844766298979,-0.005968511481354268,0.26043333333333335,0.017988583684442186,0.05650000000000001,0.3739,0.9104
RBL,2021-11-01,55.12624642242389,-0.030311961844175013,0.24970555555555554,0.015652299224419505,0.0703,0.4051,0.9104
RBL,2021-12-01,54.58948269013353,0.02431634211697366,0.27121666666666666,0.016500575473324886,0.1024,0.3943,0.9104
RBL,2022-01-01,58.56784917652092,0.05645501622659518,0.28344444444444444,0.013520872636739914,0.1271,0.40890000000000004,0.9263
RBL,2022-02-01,55.108422199814626,0.088873828678847,0.3139166666666667,0.013879614103369787,0.1356,0.36950000000000005,0.9263
RBL,2022-03-01,54.7524470111325,0.11297463109984755,0.28022222222222226,0.014142005828649174,0.1479,0.38549999999999995,0.9263
RBL,2022-04-01,52.41645532231287,0.1408460521962579,0.2985777777777778,0.016603260846692558,0.1724,0.3687,0.9179
RBL,2022-05-01,52.166916205783195,0.1633381609141236,0.2801222222222222,0.018052161923356666,0.1397,0.36639999999999995,0.9179
RBL,2022-06-01,55.04374573491816,0.19700291339355644,0.33007777777777775,0.021440869277797783,0.1284,0.3548,0.9179
RBL,2022-07-01,60.47504099571201,0.27346666644077555,0.33602777777777776,0.03599532161234527,0.1253,0.37749999999999995,0.9278
RBL,2022-08-01,58.19863313675762,0.30661542808957204,0.3232777777777778,0.03928654302751256,0.1472,0.36419999999999997,0.9278
RBL,2022-09-01,56.50380419836832,0.3501246237049461,0.34546666666666664,0.032636910181421855,0.147,0.3357,0.9278
RBL,2022-10-01,60.39203104470315,0.4158530597131673,0.32861111111111113,0.021705235068943046,0.1319,0.373,0.9366999999999999
RBL,2022-11-01,59.14586325256414,0.36752880773772384,0.33455555555555555,0.02078909408364804,0.12000000000000001,0.3608,0.9366999999999999
RBL,2022-12-01,60.765830455994546,0.4542295874684933,0.3566777777777778,0.021780996654573392,0.1334,0.36050000000000004,0.9366999999999999
RBL,2023-01-01,59.35262423483159,0.5902331520746227,0.33444444444444443,0.020306143666357357,0.1262,0.3428,0.9529000000000001
RBL,2023-02-01,62.07769324003626,0.4714899578583586,0.3492611111111111,0.01943725590987071,0.0969,0.35240000000000005,0.9529000000000001
RBL,2023-03-01,64.03131790804139,0.5729284484082681,0.36616470588235295,0.021126098330424864,0.0789,0.34909999999999997,0.9529000000000001
RBL,2023-04-01,61.548748200352655,0.6027265821705978,0.3678411764705882,0.022280235736666393,0.0838,0.3679,0.916
RBL,2023-05-01,60.66280944498067,0.5527102489840376,0.3488882352941176,0.023172840965987124,0.0525,0.36429999999999996,0.916
RBL,2023-06-01,60.75615444943522,0.460550653618443,0.32814444444444446,0.024541832357742724,0.0453,0.372,0.9159999999999999
RBL,2023-07-01,60.23568714924477,0.5504405333472104,0.33932222222222225,0.023597258776353283,0.049,0.369,0.9095999999999999
RBL,2023-08-01,63.74705900326947,0.6171175782215512,0.34150555555555556,0.025470094870616602,0.0577,0.39159999999999995,0.9095999999999999
RBL,2023-09-01,66.14518083946996,0.6437371735636449,0.3781666666666667,0.028204606372973742,0.0606,0.38739999999999997,0.9095999999999999
RBL,2023-10-01,70.21114064839429,0.6121992372585043,0.3953888888888889,0.03104015945758975,0.0635,0.38180000000000003,0.9327
RBL,2023-11-01,73.40065796844604,0.5769306536466426,0.4199888888888889,0.029774071245485645,0.0532,0.40159999999999996,0.9327
RBL,2023-12-01,67.1581059471792,0.5265665459474713,0.3698166666666667,0.032542482703225975,0.0596,0.3749,0.9327
RBL,2024-01-01,66.89074260804026,0.5191792506947522,0.3611888888888889,0.02932030782964419,0.055799999999999995,0.38780000000000003,0.927
RBL,2024-02-01,65.05077357126123,0.6663347960215661,0.35202222222222224,0.029358293863341718,0.0238,0.3701,0.927
RBL,2024-03-01,69.32349436245302,0.814042537380285,0.3637166666666667,0.033002364223922415,0.023,0.3889,0.927
RBL,2024-04-01,63.92988460089019,0.8684617263420799,0.35607777777777777,0.02884504658531369,0.0227,0.381,0.9042
RBL,2024-05-01,66.8123160285595,1.0126051472879267,0.35004444444444444,0.026094565363899272,0.0439,0.41369999999999996,0.9042
RBL,2024-06-01,68.64057200476671,1.0461801079506274,0.3560833333333333,0.025331039713084022,0.0343,0.42369999999999997,0.9042
RBL,2024-07-01,69.9356290932054,1.043748955531821,0.37098888888888887,0.029457185477068302,0.0391,0.42469999999999997,0.8987
RBL,2024-08-01,68.75566555647224,1.1362317439742848,0.37446666666666667,0.02677139142998275,0.0495,0.4162,0.8987
RBL,2024-09-01,66.56481396604232,1.1542589014694327,0.36777222222222217,0.02339538969933032,0.0405,0.4053,0.8987
RBL,2024-10-01,67.52324787891752,1.1661600643909305,0.36998888888888887,0.023707775170448298,0.0412,0.39239999999999997,0.9125000000000001
RBL,2024-11-01,60.58045854085822,1.2237862726875752,0.3907333333333333,0.02350528657227801,0.0945,0.33909999999999996,0.9125000000000001
RBL,2024-12-01,67.51000702783635,1.307632219914505,0.4247611111111111,0.02535110405918782,0.1836,0.38439999999999996,0.9125000000000001
RBL,2025-01-01,69.47219930536458,1.346909159979826,0.41583888888888887,0.02034091524300644,0.1407,0.3909,0.9246000000000001
RBL,2025-02-01,69.93104572167732,1.3941975980809052,0.4090166666666667,0.021288363310051517,0.0875,0.3849,0.9246000000000001
RBL,2025-03-01,67.91283445880566,1.5344393980657653,0.39713333333333334,0.017229655607862732,0.0759,0.37860000000000005,0.9246000000000001
RBL,2025-04-01,59.37044845744086,1.1122744048994853,0.34423888888888887,0.020144500483071606,0.1218,0.369,0.9105
RBL,2025-05-01,57.822287407950625,0.948589804048951,0.3186333333333333,0.022934773872652338,0.1207,0.37050000000000005,0.9105
RBL,2025-06-01,61.64227294486713,1.096211549023069,0.3318888888888889,0.022018961640521494,0.0907,0.38480000000000003,0.9105
RBL,2025-07-01,61.7303755309072,1.1808220185226077,0.33234444444444444,0.020481213685783414,0.0935,0.38560000000000005,0.9121
RBL,2025-08-01,63.42876931381836,1.1805557593760758,0.3435055555555555,0.022191954163904896,0.11159999999999999,0.39359999999999995,0.9121
RBL,2025-09-01,66.73338018557563,1.2813021250743564,0.33615555555555554,0.018404495205664288,0.1265,0.42869999999999997,0.9121
RBL,2025-10-01,68.62427557266682,1.2992564914145246,0.34735555555555553,0.020249993839838717,0.0533,0.4252,0.908
RBL,2025-11-01,63.97724610668052,1.254318884362198,0.3662611111111111,0.02092761560238126,0.0546,0.3792,0.908
RBL,2025-12-01,67.12194823845753,1.0168290500371493,0.3698666666666666,0.017919473258422896,0.0925,0.4163,0.908
RBL,2026-01-01,71.05549953657021,0.985807113531568,0.36922222222222223,0.01710767246848193,0.0831,0.43100000000000005,0.9226
RBL,2026-02-01,67.83542640633117,0.9213853920743289,0.3692722222222222,0.01787063696688053,0.0304,0.39549999999999996,0.9226
RBL,2026-03-01,60.02485205895235,0.9452763376430551,0.32366666666666666,0.0076375839483430645,0.0642,0.3851,0.9226
RBN,2019-04-01,31.687273864537104,0.022369440092219174,0.07561176470588235,0.0,0.0028,0.2862,0.9619
RBN,2019-05-01,30.666530064221124,-0.0019160177072574146,0.0688470588235294,0.0,0.0052,0.2832,0.9619
RBN,2019-06-01,40.06190247663829,-0.020453422384961756,0.05943529411764706,0.0,0.0064,0.35650000000000004,0.9619
RBN,2019-07-01,32.71610596754972,0.01321768975004877,0.05511176470588235,0.0,0.0095,0.31710000000000005,0.9515
RBN,2019-08-01,27.61023008525071,-0.06550513940430314,0.06822941176470589,0.0,0.0073,0.27170000000000005,0.9515
RBN,2019-09-01,21.852437005602496,-0.05884719896436996,0.06570588235294117,0.0,0.0003,0.22209999999999996,0.9515
RBN,2019-10-01,27.25919774821653,-0.058852087556215724,0.06157058823529411,0.0,0.0,0.2569,0.9641999999999998
RBN,2019-11-01,38.266838498163956,-0.10006474158813088,0.06202941176470588,0.0,0.0,0.34030000000000005,0.9641999999999998
RBN,2019-12-01,31.35942799523329,-0.11497705963782447,0.06066470588235295,0.0,0.0005,0.29100000000000004,0.9641999999999998
RBN,2020-01-01,21.66694526375955,-0.13304891682357126,0.06245882352941177,0.0,0.0031,0.23170000000000002,0.9441
RBN,2020-02-01,18.344270515979787,-0.13072428559403715,0.06536470588235294,0.0,0.0008,0.20020000000000004,0.9441
RBN,2020-03-01,17.825540703035273,-0.12643916711680117,0.08024705882352942,0.0,0.003,0.1876,0.9441
RBN,2020-04-01,3.7340997449488547,-0.11161837307800608,0.14823529411764705,7.205978853806721e-05,0.5358,0.14059999999999995,0.7663
RBN,2020-05-01,3.647285296004918,-0.12855480223893506,0.22418235294117647,0.0005242482138681344,0.5125,0.08899999999999997,0.7663
RBN,2020-06-01,6.193482984907227,-0.11054633849567269,0.3206647058823529,0.0016218235307362578,0.3493,0.12329999999999997,0.7663
RBN,2020-07-01,13.474573072422663,-0.07415023770194858,0.39319411764705886,0.0026006635638400736,0.2686,0.11229999999999996,0.8437
RBN,2020-08-01,13.70050632774881,-0.0403915309157972,0.33890588235294117,0.0034660155276782824,0.2901,0.14670000000000005,0.8437
RBN,2020-09-01,10.5924412115199,-0.03286785268250663,0.2655647058823529,0.004761553760140371,0.2923,0.1372,0.8437
RBN,2020-10-01,17.13965263436019,-0.03685975418490261,0.23385882352941176,0.007181206880240255,0.2917,0.19799999999999995,0.8811
RBN,2020-11-01,14.846349209772827,-0.07132494784286013,0.1990529411764706,0.011672795239043257,0.2541,0.16910000000000003,0.8811
RBN,2020-12-01,15.664346222493032,-0.092573716617116,0.19582352941176473,0.014178848798241531,0.3165,0.18700000000000006,0.8811
RBN,2021-01-01,24.430987905291367,-0.10114874107495393,0.2066705882352941,0.02464811581831917,0.3468,0.23399999999999999,0.9016
RBN,2021-02-01,23.41347942605404,-0.053145124486073204,0.21731176470588237,0.03528805701162019,0.2988,0.17859999999999998,0.9016
RBN,2021-03-01,25.684135603090812,-0.019613937519945918,0.2159941176470588,0.04243356430396269,0.2705,0.18000000000000005,0.9016
RBN,2021-04-01,32.76560638005317,0.025951494370743088,0.22728500000000001,0.03857883263192751,0.3016,0.2136,0.9399
RBN,2021-05-01,36.052800440003665,0.014510192383326143,0.202345,0.04713235759417521,0.2476,0.248,0.9399
RBN,2021-06-01,38.555779631496925,0.023526588710557694,0.197195,0.047060139836067785,0.2231,0.2724,0.9399
RBN,2021-07-01,42.7766064717206,0.061236342551642856,0.19692,0.023967024233564675,0.21139999999999998,0.3205,0.9449
RBN,2021-08-01,39.381703180859844,0.09854357431312621,0.18586,0.02410898933952574,0.20549999999999996,0.29800000000000004,0.9449
RBN,2021-09-01,39.44037033641947,0.1242123624554647,0.18904,0.025693230890579892,0.22139999999999999,0.29690000000000005,0.9449
RBN,2021-10-01,47.61985516545971,0.14408476685425725,0.21126499999999998,0.02691728082116831,0.1945,0.3275,0.9583999999999999
RBN,2021-11-01,43.93482445687047,0.1508540224429808,0.21091500000000002,0.025657340100188348,0.1846,0.30000000000000004,0.9583999999999999
RBN,2021-12-01,45.26079383994867,0.15973699234186703,0.25018,0.02658686660099749,0.2506,0.30000000000000004,0.9583999999999999
RBN,2022-01-01,47.030891924099365,0.23259639758008768,0.246,0.025525580511033173,0.2631,0.3067,0.9703000000000002
RBN,2022-02-01,55.45650380419837,0.22908989756010767,0.24579499999999999,0.025643482056324197,0.1271,0.3425,0.9703000000000002
RBN,2022-03-01,57.23301860848841,0.2787319971041312,0.25744,0.024656191000002957,0.1506,0.35550000000000004,0.9703000000000002
RBN,2022-04-01,55.65221376844808,0.38258426450075644,0.257065,0.03368335648773363,0.1949,0.33409999999999995,0.9751999999999998
RBN,2022-05-01,57.00797506645889,0.46300951046005123,0.24398,0.032193401821281505,0.137,0.34219999999999995,0.9751999999999998
RBN,2022-06-01,57.73673113942616,0.48705372409916814,0.24728499999999998,0.03594730832457253,0.1779,0.34940000000000004,0.9751999999999998
RBN,2022-07-01,60.42762856357136,0.5665446187623209,0.28241,0.03862542823826909,0.1809,0.3588,0.9703999999999999
RBN,2022-08-01,62.446603721697684,0.685848833271623,0.286055,0.03999068327181766,0.2259,0.37639999999999996,0.9704
RBN,2022-09-01,62.82977358144651,0.7533643768901395,0.2855,0.041927412004574845,0.2575,0.3791,0.9704
RBN,2022-10-01,66.3355944632872,0.8135069748709484,0.287445,0.04562377534177368,0.23220000000000002,0.39759999999999995,0.9774
RBN,2022-11-01,66.65047208726739,0.853612116372687,0.29859,0.044115912711245306,0.24430000000000002,0.39249999999999996,0.9774
RBN,2022-12-01,75.67925566046384,0.8220229202279414,0.32087499999999997,0.043769394395308206,0.3252,0.47050000000000003,0.9774
RBN,2023-01-01,59.528829406911726,0.8640697188895745,0.328965,0.043970283801778046,0.3678,0.33899999999999997,0.9727
RBN,2023-02-01,68.41782014850125,0.8344707220234685,0.320785,0.041114171535142754,0.2736,0.3971,0.9727
RBN,2023-03-01,61.86818223485195,0.8435710415357658,0.31291,0.035507085710287364,0.312,0.36160000000000003,0.9727
RBN,2023-04-01,57.130351086259054,0.908840461482691,0.311515,0.03150844139589872,0.3502,0.3408,0.9704
RBN,2023-05-01,59.75891465762214,1.0078638881447308,0.31536,0.030589289253779618,0.3466,0.35929999999999995,0.9703999999999999
RBN,2023-06-01,54.09033170514516,1.0416640232252294,0.3087333333333333,0.024988815860206355,0.38839999999999997,0.3346,0.9703999999999999
RBN,2023-07-01,47.04459838752624,2.165805008218096,0.32962857142857144,0.02257002679740249,0.3512,0.28990000000000005,0.9311
RBN,2023-08-01,47.5478962324686,2.095580948458081,0.34726666666666667,0.022933425788916384,0.3637,0.28700000000000003,0.9311
RBN,2023-09-01,52.002496846203876,2.092406236123818,0.36079523809523806,0.024589507224516412,0.3365,0.30389999999999995,0.9311
RBN,2023-10-01,57.279921777125914,2.192249088282897,0.370952380952381,0.023046574682252432,0.2831,0.3123,0.9459000000000001
RBN,2023-11-01,60.4913374278119,2.332446334299662,0.37252857142857143,0.023540545804237784,0.2075,0.3157,0.9459000000000001
RBN,2023-12-01,62.458258580726266,2.3719474352971632,0.3883,0.02590592439626747,0.2095,0.3173,0.9459000000000001
RBN,2024-01-01,64.01267629611199,2.520312665393272,0.3811047619047619,0.023061589160433958,0.2015,0.32110000000000005,0.9587999999999999
RBN,2024-02-01,66.84607292362357,2.57153246459855,0.3759523809523809,0.020908378693595398,0.1285,0.33230000000000004,0.9587999999999999
RBN,2024-03-01,59.6750607842367,2.5736702434523813,0.38158571428571425,0.02205533912492454,0.12249999999999998,0.2744,0.9587999999999999
RBN,2024-04-01,63.34306754143587,2.7027209786520934,0.3796333333333333,0.021449814474176838,0.1102,0.3062,0.9522
RBN,2024-05-01,66.3117827569198,2.6432347846780537,0.38642857142857145,0.021305491884392992,0.0652,0.3177,0.9522
RBN,2024-06-01,61.593092640851374,2.8564060727592286,0.38414761904761907,0.02206145753853752,0.039,0.27370000000000005,0.9522
RBN,2024-07-01,58.60953603184788,2.7503950714132492,0.39771428571428574,0.02159269583393406,0.026799999999999997,0.2552,0.942
RBN,2024-08-01,56.65701976087896,2.762450945215574,0.3967047619047619,0.07016168609099589,0.0403,0.23619999999999997,0.942
RBN,2024-09-01,59.78724425878152,2.7906077125210125,0.40597142857142854,0.06756319367272273,0.0318,0.25670000000000004,0.942
RBN,2024-10-01,63.3971949766248,2.6867408051173407,0.40134761904761906,0.06673946982494043,0.0329,0.2742,0.9568
RBN,2024-11-01,59.907415895132466,2.8931949776846073,0.359055,0.019662351466253423,0.029600000000000005,0.2672,0.9568
RBN,2024-12-01,61.24255202126684,2.81358646801422,0.354155,0.01921237844755754,0.0526,0.2861,0.9568
RBN,2025-01-01,59.43441195343295,3.024155607935808,0.34736500000000003,0.021676167403194595,0.0639,0.2694,0.9570000000000001
RBN,2025-02-01,56.5505545879549,2.9679688415054972,0.32482500000000003,0.020028045684894285,0.0249,0.2569,0.9570000000000001
RBN,2025-03-01,54.03199193326611,2.9356519190750774,0.31479,0.018032435016261405,0.0686,0.2572,0.9570000000000001
RBN,2025-04-01,56.847557062975525,2.848073826286053,0.332235,0.019082473446415546,0.1274,0.25370000000000004,0.9817
RBN,2025-05-01,56.9039325327711,2.7867290820324513,0.323915,0.022912208219596962,0.1475,0.256,0.9817
RBN,2025-06-01,57.233476945641215,3.108220980468278,0.3184,0.018487287014208886,0.131,0.26149999999999995,0.9817
RBN,2025-07-01,58.96507470895591,2.8930474055022595,0.33108499999999996,0.02108532417297368,0.11240000000000001,0.26339999999999997,0.9797
RBN,2025-08-01,58.255568796406635,2.825023901509566,0.33157000000000003,0.018501209639758168,0.1488,0.2711,0.9797
RBN,2025-09-01,58.65157209643413,2.8203939066291976,0.326805,0.017297109550738998,0.0931,0.2673,0.9797
RBN,2025-10-01,57.70648088734073,2.565246781616525,0.325205,0.01433383031825304,0.0593,0.27080000000000004,0.9741
RBN,2025-11-01,60.31579429828582,2.5564792860665806,0.336285,0.014224376403404043,0.0563,0.2834,0.9741
RBN,2025-12-01,62.91685764048034,2.4878683773590637,0.33299500000000004,0.015861939875051793,0.0638,0.3024,0.9741
RBN,2026-01-01,56.56934641122009,2.5341511299143202,0.33288,0.014259976722124016,0.12389999999999998,0.27390000000000003,0.9724
RBN,2026-02-01,58.670822256852134,2.800812013239832,0.320925,0.012606357134343809,0.0711,0.2823,0.9724
RBN,2026-03-01,50.67696397469979,3.055149135156688,0.29573499999999997,0.010142300735746788,0.1335,0.25270000000000004,0.9724
RBQ,2019-04-01,7.715342072295047,-0.02954297581986683,0.08796666666666668,0.0007107320540156361,0.207,0.2001666666666667,0.8255
RBQ,2019-05-01,6.963669141687291,0.007896659963917122,0.07813333333333332,0.0,0.1946,0.1860111111111111,0.8255
RBQ,2019-06-01,6.65505545879549,0.02164631585594971,0.08703333333333334,0.0,0.2523,0.18253333333333333,0.8255
RBQ,2019-07-01,6.034772511993155,0.48419368793318496,0.09033333333333333,0.0,0.2635,0.18390000000000004,0.799
RBQ,2019-08-01,5.15170959757998,0.7528989894205638,0.08956666666666667,0.00014398848092152627,0.3114,0.15394444444444444,0.799
RBQ,2019-09-01,5.726158829101354,1.0310370430971008,0.09676666666666667,0.0006349206349206349,0.3287,0.17436666666666667,0.799
RBQ,2019-10-01,5.88199346105662,1.1420994848786257,0.0948,0.0,0.2698,0.18671111111111113,0.7835
RBQ,2019-11-01,7.764231368594738,1.1106083656629766,0.111,0.0,0.2308,0.22341111111111112,0.7835
RBQ,2019-12-01,7.7428423014636225,1.1407662950731203,0.11683333333333333,0.0,0.2906,0.23170000000000002,0.7835
RBQ,2020-01-01,9.065908882574021,1.266497992763327,0.1052,0.0,0.3025,0.2193333333333333,0.8252
RBQ,2020-02-01,8.50062639410884,1.2225762843228862,0.10866666666666668,0.0,0.2054,0.18774444444444446,0.8252
RBQ,2020-03-01,6.807834509732025,1.2729006428611414,0.13533333333333333,0.0,0.3217,0.15826666666666667,0.8252
RBQ,2020-04-01,0.4950041250343753,0.8977211971943181,0.2164,0.0013020841463554237,0.6629,0.06829999999999999,0.5222
RBQ,2020-05-01,0.5469490023527974,0.7551691174043279,0.2939333333333333,0.000788856262325879,0.6949,0.04981111111111111,0.5222
RBQ,2020-06-01,1.2375103125859381,0.9142068035060978,0.37679999999999997,0.0028678263150433377,0.6046,0.0657222222222222,0.5222
RBQ,2020-07-01,8.525071042258686,1.0238038032003836,0.4485666666666666,0.006260236578707916,0.522,0.06971111111111111,0.8252
RBQ,2020-08-01,9.09952027378006,1.0708059173652884,0.3875,0.007742920561391899,0.48290000000000005,0.09903333333333335,0.8252
RBQ,2020-09-01,11.33314999847221,1.3133722982680498,0.3276,0.007612902861785682,0.3693,0.13994444444444445,0.8252
RBQ,2020-10-01,9.123964921929906,1.4764245380915677,0.318,0.012871928818446524,0.3608,0.1627111111111111,0.7576
RBQ,2020-11-01,10.098695266905002,1.6938083645147541,0.3028666666666667,0.017360108149549837,0.273,0.15506666666666666,0.7576
RBQ,2020-12-01,9.61591346594555,1.145878411835879,0.203325,0.014441655827542773,0.2571,0.19205555555555553,0.7576
RBQ,2021-01-01,6.496165245821493,1.5738966857989263,0.2871666666666667,0.027048538994332474,0.18000000000000002,0.2073222222222222,0.5932
RBQ,2021-02-01,7.284505148654016,1.6516428510941843,0.2862,0.03706436867350325,0.1144,0.17145555555555556,0.5932
RBQ,2021-03-01,6.99728053289333,1.6999262783664808,0.26763333333333333,0.03634743567261958,0.0169,0.15053333333333332,0.5932
RBQ,2021-04-01,23.95269960583005,1.291891843170013,0.26713333333333333,0.033175048083489915,0.021500000000000002,0.18597777777777777,0.816
RBQ,2021-05-01,26.476609527301616,1.184363320602415,0.26203333333333334,0.03023846721902786,0.0171,0.22124444444444447,0.816
RBQ,2021-06-01,28.28245790937147,0.9654313915453496,0.26953333333333335,0.03290903460190819,0.012000000000000002,0.22996666666666662,0.816
RBQ,2021-07-01,39.212271213371224,0.9036840895096946,0.27573333333333333,0.031145968104306306,0.0143,0.2987222222222222,0.8329
RBQ,2021-08-01,34.937513368166954,0.617383619743114,0.25989999999999996,0.02977680725105879,0.0191,0.2820666666666667,0.8329
RBQ,2021-09-01,35.566963058025486,0.6014688867551086,0.23650000000000002,0.025938974473768944,0.017,0.30892222222222226,0.8329
RBQ,2021-10-01,30.729978305374768,1.3541705311534324,0.24403333333333332,0.022003130348287814,0.0263,0.31198888888888887,0.7863000000000001
RBQ,2021-11-01,24.715830965258043,1.0093228041318794,0.1656,0.015048058030006882,0.0096,0.31198888888888887,0.7863
RBQ,2021-12-01,30.506920891007425,1.8947344175425453,0.20906666666666665,0.023945392610861132,0.0181,0.31304444444444446,0.7863000000000001
RBQ,2022-01-01,26.177162587466004,2.225303760859674,0.20379999999999998,0.021416439481619115,0.0353,0.2952222222222222,0.7749
RBQ,2022-02-01,30.100528615516243,3.0414221540943465,0.1936,0.02649217953181016,0.06239999999999999,0.31445555555555554,0.7749
RBQ,2022-03-01,34.280563449139855,3.794915142042315,0.19353333333333333,0.023037697689445174,0.0821,0.34464444444444436,0.7749
RBQ,2022-04-01,29.587191004369483,3.8511600349633794,0.20909999999999998,0.02375980329320732,0.135,0.33465555555555565,0.7481
RBQ,2022-05-01,29.443578696489137,3.945876620608587,0.1917333333333333,0.021647970675659784,0.0434,0.32668888888888886,0.7481
RBQ,2022-06-01,30.289974638677545,3.790784537460046,0.225,0.02120380442196161,0.043199999999999995,0.3193444444444445,0.7481
RBQ,2022-07-01,27.3107831454151,3.010211924578997,0.256,0.021132235113532433,0.013,0.33765555555555554,0.7003
RBQ,2022-08-01,25.055764353591837,3.0566456111343143,0.26663333333333333,0.02333668341708543,0.027899999999999998,0.30885555555555555,0.7003
RBQ,2022-09-01,27.52467381672625,3.157711328220872,0.2730666666666667,0.023511777291599145,0.0248,0.3255444444444444,0.7003
RBQ,2022-10-01,29.97219421272955,3.2093335687189715,0.23763333333333336,0.022794475888153993,0.0234,0.34904444444444443,0.7159999999999999
RBQ,2022-11-01,31.2310935924466,3.3055271131243287,0.2467,0.01908133567982868,0.0097,0.3572666666666666,0.7159999999999999
RBQ,2022-12-01,39.4781067620008,3.0597757923094924,0.27286666666666665,0.020386926470501464,0.0157,0.4117555555555555,0.7159999999999999
RBQ,2023-01-01,28.26412442325908,2.8486440380693216,0.26826666666666665,0.020640067719082392,0.0145,0.3276222222222222,0.7151
RBQ,2023-02-01,29.41607846732056,2.615558967690451,0.2929333333333333,0.01818087837395329,0.0117,0.33303333333333335,0.7151
RBQ,2023-03-01,28.78662877746203,2.51125321897036,0.28186666666666665,0.017538991316623464,0.0112,0.3367111111111111,0.7151
RBQ,2023-04-01,24.618816267913342,2.5997422240211043,0.3016666666666667,0.02165593399406349,0.0197,0.31323333333333336,0.6858999999999998
RBQ,2023-05-01,17.93931616096801,1.968145761120895,0.210875,0.016247931823848052,0.0274,0.30144444444444446,0.6859
RBQ,2023-06-01,20.701561401900573,2.2702696285069233,0.27640000000000003,0.021712757964807903,0.0275,0.2921666666666667,0.6858999999999998
RBQ,2023-07-01,20.894063006080607,2.1126991297907796,0.2902666666666667,0.019539709667596317,0.0476,0.2879111111111111,0.6983
RBQ,2023-08-01,20.967396950530144,2.338195436102129,0.2985666666666667,0.02103615205495025,0.1165,0.29236666666666666,0.6983
RBQ,2023-09-01,25.740214501787516,2.2170829920959227,0.3091333333333333,0.023447046412649636,0.0921,0.3234,0.6983
RBQ,2023-10-01,35.73502001405567,2.1127950293442646,0.2967,0.023128009806496805,0.058600000000000006,0.35562222222222223,0.7498
RBQ,2023-11-01,33.27527729397745,2.42551114134764,0.27653333333333335,0.024676300219929993,0.11720000000000001,0.3486,0.7498
RBQ,2023-12-01,29.513857059919943,2.443542220863492,0.29033333333333333,0.02745093998252907,0.2964,0.34051111111111104,0.7498
RBQ,2024-01-01,43.456473248388185,2.419638556741574,0.27773333333333333,0.027259853780985777,0.3431,0.3475,0.8602
RBQ,2024-02-01,48.660127723286585,2.5213149789947025,0.2679,0.02790785572937804,0.20919999999999997,0.36081111111111114,0.8602
RBQ,2024-03-01,44.76426192440493,2.5906415378145593,0.27086666666666664,0.029182823504287563,0.18699999999999997,0.32298888888888894,0.8602
RBQ,2024-04-01,35.91835487517951,2.3165643456781617,0.26616666666666666,0.02853171293538266,0.2089,0.3144222222222222,0.8142999999999999
RBQ,2024-05-01,38.87615730131085,2.5297704214981724,0.25916666666666666,0.03210333506622223,0.1998,0.32742222222222217,0.8142999999999999
RBQ,2024-06-01,37.55614630121918,2.512034366303111,0.27043333333333336,0.031227695757148618,0.21729999999999997,0.3173,0.8142999999999999
RBQ,2024-07-01,30.378586488220737,2.508914817669424,0.2710666666666667,0.027610730191106183,0.1977,0.3070333333333333,0.7736
RBQ,2024-08-01,29.877471201148897,2.615281201155686,0.27776666666666666,0.02493931592648323,0.19699999999999998,0.30442222222222226,0.7736
RBQ,2024-09-01,31.066092217435145,2.5893773217420257,0.2832666666666667,0.017383732006495324,0.165,0.32315555555555553,0.7736
RBQ,2024-10-01,42.31674152840163,2.6956423975462482,0.2866666666666667,0.018916595012897677,0.1133,0.3275111111111111,0.8355
RBQ,2024-11-01,43.731475540073944,2.9133832523118746,0.29436666666666667,0.01712682913921304,0.09400000000000001,0.3296111111111111,0.8355
RBQ,2024-12-01,44.66342775078681,2.948367058067053,0.2877,0.0170801094216847,0.0988,0.3400888888888889,0.8355
RBQ,2025-01-01,36.8716961530235,2.850611999787579,0.2912,0.0157840553860648,0.0867,0.3299,0.7927
RBQ,2025-02-01,38.265041097564705,2.6610708840883617,0.3092333333333333,0.01438024687703967,0.036,0.32674444444444445,0.7927
RBQ,2025-03-01,38.22837412533993,2.6075247965851855,0.3032333333333333,0.017435802252049833,0.0373,0.32464444444444446,0.7927
RBQ,2025-04-01,38.34143062303297,2.459631506654668,0.30870000000000003,0.014338308343210475,0.0459,0.3197111111111111,0.8055
RBQ,2025-05-01,36.88391847709842,2.3198566099588223,0.2883,0.01686370318857554,0.0198,0.31185555555555555,0.8055
RBQ,2025-06-01,35.597518868212795,2.2058792328150543,0.26503333333333334,0.015841181391436567,0.0091,0.31575555555555557,0.8055
RBQ,2025-07-01,35.10862590521588,2.2617529053620564,0.26063333333333333,0.014727703009947496,0.0042,0.3357777777777778,0.7851
RBQ,2025-08-01,31.836098634155288,2.2746042378026465,0.2524666666666667,0.01337011435939713,0.0062,0.31525555555555557,0.7851
RBQ,2025-09-01,26.929599413328447,1.068492837243749,0.2167,0.011236616436998116,0.0035,0.3189888888888889,0.7851
RBQ,2025-10-01,32.60152167934733,1.138783847398753,0.2041,0.009583863555763506,0.0089,0.3294222222222223,0.8291
RBQ,2025-11-01,33.03006691722431,1.068492837243749,0.2167,0.011236616436998116,0.0193,0.32626666666666665,0.8291
RBQ,2025-12-01,33.23631863598863,1.4512511212086356,0.207175,0.010323477148777354,0.0108,0.32713333333333333,0.8291
RBQ,2026-01-01,29.09982583188193,1.5533985302340345,0.209675,0.010792003025788494,0.0427,0.33355555555555555,0.792
RBQ,2026-02-01,29.58107984233202,1.6943353422615846,0.203825,0.009517815129563524,0.0174,0.3351666666666666,0.792
RBQ,2026-03-01,24.665413878448987,1.7480072193472231,0.199475,0.0035919540229885057,0.0473,0.3128666666666666,0.792
RBS,2019-04-01,3.6208635071958937,0.0007775445144233561,0.0796,0.0,0.0,0.06430000000000002,0.7635
RBS,2019-05-01,4.051700430836924,0.0006220356115387293,0.0797,0.0,0.0024,0.08650000000000002,0.7635
RBS,2019-06-01,4.46420386836557,-0.0013995801259621965,0.0793,0.0,0.0,0.10609999999999997,0.7635
RBS,2019-07-01,3.4008616738472823,0.0017105979317315612,0.0791,0.0,0.0022,0.08150000000000002,0.7384
RBS,2019-08-01,3.0800256668805575,0.0010108078687505184,0.0799,0.0,0.0,0.053300000000000014,0.7384
RBS,2019-09-01,3.996699972499771,-0.0027214058004820796,0.0797,0.0,0.0027,0.10929999999999995,0.7384
RBS,2019-10-01,3.584196534971125,-0.008319726304330977,0.0795,0.0,0.0024,0.13049999999999995,0.7
RBS,2019-11-01,4.931707764231369,-0.002643651349039766,0.0798,0.0,0.0,0.20640000000000003,0.7
RBS,2019-12-01,3.6941974516454303,-0.0008552989658657806,0.0796,0.0,0.003,0.13890000000000002,0.7
RBS,2020-01-01,4.161701347511229,0.001866106834616188,0.0799,0.0,0.0,0.12539999999999996,0.7323
RBS,2020-02-01,4.317535979466496,0.002643651349039766,0.0796,0.0,0.0,0.13129999999999997,0.7323
RBS,2020-03-01,4.326702722522688,-0.05435036155819917,0.1325,0.00041111659266568,0.0,0.10470000000000002,0.7323
RBS,2020-04-01,0.4033366944724539,-0.14291268175103022,0.3336,0.0013607910732105597,0.5721,0.027200000000000002,0.497
RBS,2020-05-01,1.0633421945182877,-0.154575849467382,0.4188,0.004782488733560195,0.3297,0.01859999999999995,0.497
RBS,2020-06-01,2.0625171876432304,-0.12596221133659902,0.539,0.007294724668623788,0.1813,0.012499999999999956,0.497
RBS,2020-07-01,12.347602896690805,-0.14306819065391496,0.6035,0.007168133563197532,0.1709,0.02749999999999997,0.8033
RBS,2020-08-01,10.596754972958108,-0.11593188710053648,0.5675,0.011169744942832014,0.2105,0.02210000000000001,0.8033
RBS,2020-09-01,12.805940049500414,-0.1423684005909338,0.5225,0.01314596554850408,0.0817,0.04569999999999996,0.8033
RBS,2020-10-01,4.115867632230268,-0.1489775289635331,0.4581,0.013248058474189127,0.0363,0.03080000000000005,0.6214
RBS,2020-11-01,3.529196076633972,-0.15566441178757484,0.4108,0.013629247628695091,0.029,0.024900000000000033,0.6214
RBS,2020-12-01,3.2083600696672474,-0.18062359070056766,0.4004,0.017555513380148036,0.0775,0.013800000000000034,0.6214
RBS,2021-01-01,1.695847465395545,-0.16546147266931033,0.387,0.020683872169943166,0.0631,0.01529999999999998,0.4922
RBS,2021-02-01,1.8516820973508115,-0.10224710364668377,0.3657,0.02650268491252382,0.0422,0.021100000000000008,0.4922
RBS,2021-03-01,1.9250160418003486,-0.06655781043464737,0.316,0.030237401082882132,0.0248,0.04569999999999996,0.4922
RBS,2021-04-01,5.261710514254285,0.0,0.3259,0.024162120031176928,0.0482,0.07289999999999996,0.6913
RBS,2021-05-01,8.039233660280502,-0.03334199359140899,0.2884,0.021053574628202832,0.0476,0.18320000000000003,0.6913
RBS,2021-06-01,6.44422036850307,-0.009872694206287336,0.289,0.01766815359048369,0.0154,0.14439999999999997,0.6913
RBS,2021-07-01,17.884315702630854,0.04754481683554168,0.2735,0.015459656084656085,0.045,0.31920000000000004,0.7065
RBS,2021-08-01,5.756714639288661,0.11812592015242052,0.2823,0.015025946867012625,0.0529,0.1189,0.7065
RBS,2021-09-01,16.115134292785775,0.10054559625876847,0.3275,0.01825621655649984,0.0279,0.26580000000000004,0.7065
RBS,2021-10-01,33.77028141901183,0.58482722785139,0.3745,0.01737704918032787,0.0375,0.2754,0.8106
RBS,2021-11-01,38.931157759648,0.6334112756560146,0.364,0.013201845077143311,0.1153,0.33830000000000005,0.8106
RBS,2021-12-01,27.491062425520212,0.6564475621373518,0.3582,0.011397500914937,0.0789,0.2541,0.8106
RBS,2022-01-01,20.405170043083693,0.6541092924569152,0.3799,0.012408376963350785,0.121,0.19740000000000002,0.8004
RBS,2022-02-01,18.828490237418645,0.7101411622066338,0.3858,0.012508229098090849,0.3674,0.22940000000000005,0.8004
RBS,2022-03-01,32.871940599504995,0.7829739326231921,0.3864,0.012094423936273557,0.431,0.35840000000000005,0.8004
RBS,2022-04-01,19.44266202218352,0.8959903005109553,0.3985,0.013246243091399077,0.4815,0.27380000000000004,0.7749
RBS,2022-05-01,18.910990924924377,0.9818134580410496,0.3823,0.01232302045097011,0.411,0.2629,0.7749
RBS,2022-06-01,17.499312494270786,1.0551658439421496,0.4083,0.013948000505667692,0.3623,0.2227,0.7749
RBS,2022-07-01,23.512695939132826,1.0900666839871826,0.433,0.015206762244136902,0.349,0.2398,0.7919
RBS,2022-08-01,11.100925841048676,1.1208972027366415,0.447,0.016537362188648427,0.3486,0.09830000000000005,0.7919
RBS,2022-09-01,16.270968924741037,1.118472330475448,0.4612,0.017782683345597253,0.3864,0.1634,0.7919
RBS,2022-10-01,32.49610413420112,1.127825409197194,0.4538,0.016076516076516077,0.3836,0.24770000000000003,0.8475
RBS,2022-11-01,50.01375011458429,0.9825928812678617,0.4591,0.01572533088717075,0.2705,0.35440000000000005,0.8475
RBS,2022-12-01,55.77046475387295,1.015501861955486,0.4577,0.01568340996003953,0.3034,0.40269999999999995,0.8475
RBS,2023-01-01,28.581904849207078,1.056638087815017,0.4416,0.017180394138453764,0.2698,0.23750000000000004,0.8128
RBS,2023-02-01,29.214410120084334,1.1526803498744265,0.4487,0.024097839642756566,0.252,0.22030000000000005,0.8128
RBS,2023-03-01,33.57777981483179,1.1770156750671168,0.4607,0.027368923542047896,0.1584,0.22319999999999995,0.8128
RBS,2023-04-01,18.800990008250068,1.2595479345284488,0.475,0.029895366218236172,0.1552,0.1592,0.7432
RBS,2023-05-01,20.276835640297,1.2454317138650732,0.4752,0.03471150879358223,0.1002,0.15190000000000003,0.7432
RBS,2023-06-01,21.34017783481529,1.207586386074305,0.481,0.03938645011965007,0.0706,0.14370000000000005,0.7432
RBS,2023-07-01,10.17508479237327,1.157443491816056,0.4908,0.03668914579319204,0.0961,0.09150000000000003,0.6795
RBS,2023-08-01,8.71757264643872,1.1623798389192,0.4951,0.032199927910609154,0.1219,0.07640000000000002,0.6795
RBS,2023-10-01,30.690255752131268,1.2633584480817528,0.4947,0.029309355270709776,0.18,0.3045,0.6967
RBS,2023-11-01,19.882665688880742,1.3158396120204383,0.4726,0.029243483788938335,0.1097,0.2098,0.6967
RBS,2023-12-01,15.207626730222751,1.2993851216766261,0.4979,0.029565741403336974,0.1263,0.15500000000000003,0.6967
RBS,2024-01-01,19.332661105509214,1.3164458300857365,0.4723,0.029572304471362346,0.1602,0.17989999999999995,0.7304
RBS,2024-02-01,21.08350902924191,1.0850437343032824,0.4477,0.029116132247881708,0.1733,0.21409999999999996,0.7304
RBS,2024-03-01,16.500137501145844,1.0728327704165586,0.4602,0.03346563609776478,0.1541,0.15559999999999996,0.7304
RBS,2024-04-01,24.411036758639657,1.1327617563003378,0.4479,0.029845291752954074,0.146,0.12649999999999995,0.8341
RBS,2024-05-01,24.38353652947108,1.1791807395860396,0.4392,0.028732663036998767,0.1456,0.13180000000000003,0.8341
RBS,2024-06-01,29.36107800898341,1.1833376634623711,0.4444,0.03014557137757328,0.125,0.16410000000000002,0.8341
RBS,2024-07-01,15.345127876065634,1.1508616956785311,0.4502,0.02645353519085199,0.1562,0.12119999999999997,0.7672
RBS,2024-08-01,11.330094417453479,1.1480038105135533,0.4541,0.02257791396202072,0.1697,0.07550000000000001,0.7672
RBS,2024-09-01,16.848473737281143,1.1194249588637741,0.4538,0.01716177011400319,0.1611,0.15339999999999998,0.7672
RBS,2024-10-01,15.033458612155101,1.095695851736382,0.4402,0.016777552791437663,0.0936,0.17959999999999998,0.7195
RBS,2024-11-01,23.686864057200477,1.0192257729280332,0.4171,0.01505404014410705,0.0372,0.2649,0.7195
RBS,2024-12-01,14.575121459345494,0.9899541006321988,0.4107,0.011054051701627644,0.0421,0.19089999999999996,0.7195
RBS,2025-01-01,30.946924557704648,0.9665714038278341,0.414,0.013651576536903295,0.0268,0.2117,0.8291
RBS,2025-02-01,31.542762856357136,0.9320169741058284,0.4321,0.014433636648886099,0.059,0.21220000000000006,0.8291
RBS,2025-03-01,31.99193326611055,0.88689702953148,0.4607,0.011795483752524325,0.0385,0.20179999999999998,0.8291
RBS,2025-04-01,12.57677147309561,0.8153632978262753,0.4585,0.017841808987692016,0.0544,0.14170000000000005,0.7098
RBS,2025-05-01,11.220093500779173,0.7177621893132415,0.4381,0.017544744139147972,0.0488,0.13560000000000005,0.7098
RBS,2025-06-01,12.41177009808415,0.6538494847146445,0.4253,0.020683877048751114,0.033,0.14990000000000003,0.7098
RBS,2025-07-01,12.915940966174718,0.6270026846800034,0.417,0.021397775057220417,0.0465,0.1533,0.7195
RBS,2025-08-01,8.864240535337794,0.624664414999567,0.4015,0.02281449893390192,0.0549,0.09850000000000003,0.7195
RBS,2025-09-01,8.900907507562563,0.5783320342946219,0.3778,0.013443072702331962,0.043,0.1269,0.7195
RBS,2025-10-01,7.7733981116509305,0.5807569065558154,0.3828,0.01479208897167589,0.0359,0.13060000000000005,0.6876
RBS,2025-11-01,9.18507654230452,0.5267168961635056,0.3787,0.015258948323784672,0.0371,0.16069999999999995,0.6876
RBS,2025-12-01,8.552571271427261,0.5132068935654281,0.373,0.01499456304011904,0.0697,0.16000000000000003,0.6876
RBS,2026-01-01,10.6059217160143,0.4957997748332901,0.3788,0.014242704955998147,0.1009,0.13690000000000002,0.7486
RBS,2026-02-01,15.409295077458978,0.4468693167056379,0.3643,0.014544801580175975,0.0526,0.19979999999999998,0.7486
RBS,2026-03-01,10.990924924374369,0.4286827747466875,0.3154,0.01285082136145966,0.0336,0.1652,0.7486
RBT,2019-04-01,13.65648285164281,-0.04479190915013882,0.09248571428571428,0.0,0.0064,0.20099999999999993,0.8802
RBT,2019-05-01,13.433861948849573,-0.02143108624627272,0.08862857142857142,0.0,0.0935,0.21719999999999992,0.8802
RBT,2019-06-01,11.704621348035044,0.06622299539641159,0.07916428571428571,0.0,0.0776,0.19340000000000002,0.8802
RBT,2019-07-01,18.32759320613386,-0.04380211337766896,0.07774285714285714,0.0,0.0404,0.21120000000000005,0.933
RBT,2019-08-01,19.43611434857195,-0.046788923268023815,0.07677142857142857,0.0,0.0305,0.2198,0.933
RBT,2019-09-01,20.294514359048232,-0.06067911737165132,0.07195,0.0,0.0095,0.22640000000000007,0.933
RBT,2019-10-01,28.257795005434566,-0.08566629055360016,0.07168571428571428,0.00010538130098669501,0.0084,0.24499999999999997,0.9799
RBT,2019-11-01,32.78943991199927,-0.07130195980683422,0.06711428571428571,0.0,0.0072,0.2821,0.9799
RBT,2019-12-01,38.262640283907125,-0.04864641404390802,0.07367857142857144,0.0,0.0179,0.3202000000000001,0.9799
RBT,2020-01-01,32.19098254390215,-0.03485757365012546,0.08144285714285714,0.0,0.0094,0.3054,0.9467
RBT,2020-02-01,20.193680185430114,-0.051348430899439114,0.07763571428571428,0.0,0.0105,0.20820000000000002,0.9467
RBT,2020-03-01,12.417663004334559,-0.10727264533157567,0.10680714285714286,3.541327289468092e-05,0.1694,0.13970000000000005,0.9467
RBT,2020-04-01,0.836137920196954,-0.16123495914911756,0.17304285714285714,0.0001848848728727556,0.6518,0.017299999999999982,0.6587
RBT,2020-05-01,1.642811309141862,-0.20977365221714633,0.26340714285714284,0.0010211337383065745,0.6034,0.04090000000000005,0.6587
RBT,2020-06-01,2.7532967536634234,-0.19618722903796887,0.35787142857142856,0.0023584097037736966,0.3926,0.04179999999999995,0.6587
RBT,2020-07-01,7.55339627830232,-0.10970288557238286,0.3778142857142857,0.004956172707056083,0.3624,0.07369999999999999,0.8023
RBT,2020-08-01,9.591687073582756,-0.077901288580502,0.3612,0.006914463022991471,0.411,0.13380000000000003,0.8023
RBT,2020-09-01,8.637691028377619,0.02001835397770137,0.2424285714285714,0.006803503971683258,0.4179,0.17510000000000003,0.8023
RBT,2020-10-01,5.312782368424499,0.07588057336911423,0.20941428571428572,0.007197193709549353,0.3377,0.13119999999999998,0.7522
RBT,2020-11-01,6.20130167751398,0.1256281222691177,0.2014357142857143,0.008833830210855782,0.3321,0.16459999999999994,0.7522
RBT,2020-12-01,11.970456896664615,0.12290021591461575,0.19587142857142856,0.01433342546012957,0.39319999999999994,0.2883,0.7522
RBT,2021-01-01,15.952751987218942,0.21002701262123855,0.2199785714285714,0.019306531530620803,0.4889,0.21860000000000004,0.8605
RBT,2021-02-01,21.45345258829538,0.30001449491843984,0.23382142857142857,0.026819155731059675,0.3931,0.23219999999999996,0.8605
RBT,2021-03-01,21.446904914683813,0.39540508661497586,0.24252142857142855,0.02877466807913823,0.3651,0.21550000000000002,0.8605
RBT,2021-04-01,27.464640636711188,0.3047359286262347,0.2390058823529412,0.02047959985746272,0.3656,0.27049999999999996,0.8803
RBT,2021-05-01,26.678086900724175,0.4990757490058997,0.24315625,0.01631868656240694,0.3318,0.2641,0.8803
RBT,2021-06-01,30.515009193704064,0.5029003675057149,0.22429411764705884,0.011432952215495909,0.3729,0.3237,0.8803
RBT,2021-07-01,41.243333890527516,0.5938182771184206,0.24015882352941176,0.010328190980456793,0.3592,0.33799999999999997,0.9375
RBT,2021-08-01,44.258653135834955,0.6625419216234424,0.2585705882352941,0.009517881858044242,0.4119,0.36140000000000005,0.9375
RBT,2021-09-01,49.52036365008924,0.6978228280498227,0.2811764705882353,0.010749956075957443,0.3643,0.37570000000000003,0.9375
RBT,2021-10-01,53.59081696051171,0.7647253396550078,0.26695555555555556,0.010835530478177691,0.3343,0.3608,0.9792
RBT,2021-11-01,51.66052854362022,0.7290030420333475,0.3025529411764706,0.012079077273224822,0.3272,0.32589999999999997,0.9792
RBT,2021-12-01,62.35390503254194,0.855040221852551,0.31879375,0.013953246378964989,0.3658,0.39780000000000004,0.9792
RBT,2022-01-01,55.9963980091991,0.8000401810889598,0.3075823529411765,0.014977459316066513,0.3554,0.3913,0.9447
RBT,2022-02-01,61.83615255617327,0.8507651672914451,0.30804705882352945,0.016585727001258634,0.281,0.4164,0.9447
RBT,2022-03-01,64.54195941828927,0.9241196909913816,0.3011470588235294,0.0182182880941829,0.2734,0.43820000000000003,0.9447
RBT,2022-04-01,70.49818552409505,0.9040267739416863,0.3114588235294118,0.01855142442074216,0.2997,0.44210000000000005,0.9892999999999998
RBT,2022-05-01,65.07039519446975,0.9257509966100854,0.2913705882352941,0.018282786376020647,0.2633,0.4014,0.9892999999999998
RBT,2022-06-01,66.17795344372968,0.9757485615717598,0.2978588235294118,0.020837363342972676,0.2538,0.4003,0.9892999999999998
RBT,2022-07-01,60.55065164758726,0.9634333411540351,0.30469411764705884,0.023165049690112856,0.2795,0.42000000000000004,0.924
RBT,2022-08-01,53.909076693286174,1.034581659758014,0.30059411764705884,0.023737980377893698,0.3244,0.3769,0.924
RBT,2022-09-01,57.28890878012219,1.1165878220688044,0.31478235294117646,0.024389577305828188,0.3314,0.3942,0.924
RBT,2022-10-01,61.9094865006228,1.1572430378054235,0.32327647058823533,0.02507820200874922,0.2814,0.43310000000000004,0.9062
RBT,2022-11-01,61.650660814330315,1.1785200670499756,0.32384117647058824,0.026358405457723885,0.2567,0.4225,0.9062
RBT,2022-12-01,67.88737128364959,1.1530240910903917,0.31866666666666665,0.027020345907066656,0.3002,0.48939999999999995,0.9061999999999999
RBT,2023-01-01,63.224105298916704,1.3728052914778184,0.32218823529411766,0.03007873391052732,0.3225,0.4063,0.9376
RBT,2023-02-01,62.51287388179215,1.4514815239264844,0.3184529411764706,0.027256832332117287,0.2576,0.38949999999999996,0.9376
RBT,2023-03-01,64.25994726426642,1.5839390489731138,0.31935882352941175,0.027950499682964623,0.2519,0.39949999999999997,0.9376
RBT,2023-04-01,55.29487255531051,1.7022131992534821,0.34556470588235294,0.03175050462364015,0.2736,0.3739,0.8777
RBT,2023-05-01,51.355329921866996,1.5812548247265257,0.34458235294117645,0.035972278157471775,0.2815,0.34130000000000005,0.8777
RBT,2023-06-01,51.30626088550738,1.5653807708411147,0.35216470588235294,0.0401692271007896,0.2572,0.3265,0.8777
RBT,2023-07-01,59.897116789698735,1.7081351507296478,0.3628764705882353,0.042627886803139656,0.2221,0.3517,0.9001
RBT,2023-08-01,64.9862768464247,1.7708445029496696,0.36816470588235295,0.04764110398439469,0.1928,0.37849999999999995,0.9001
RBT,2023-09-01,67.94066421141744,1.8903333994665938,0.3789705882352941,0.050188899013635796,0.1678,0.3932,0.9001
RBT,2023-10-01,80.365914813996,1.8954863167527833,0.40181176470588237,0.05339061669829857,0.2077,0.46630000000000005,0.9435
RBT,2023-11-01,76.94995497511499,1.8390512064473628,0.4192411764705883,0.05380861390906673,0.1952,0.4205,0.9435
RBT,2023-12-01,74.65233778908942,1.8637228516952586,0.42068235294117645,0.05434379075486945,0.1633,0.39059999999999995,0.9435
RBT,2024-01-01,72.06623780688369,1.786784723424869,0.4138764705882353,0.0512234612253015,0.117,0.3993,0.9103
RBT,2024-02-01,69.26552819312711,1.6936014309860103,0.3988235294117647,0.04943008908607037,0.0807,0.3799,0.9103
RBT,2024-03-01,69.5469337244477,1.7874625778513276,0.392475,0.04583833911295756,0.1046,0.3941,0.9103
RBT,2024-04-01,68.4394765789715,1.7713942099373372,0.3743,0.03938190077340014,0.117,0.4074,0.9027
RBT,2024-05-01,67.6287927399395,1.7865932480392954,0.35964375,0.038091899871338784,0.1374,0.4123,0.9027
RBT,2024-06-01,67.07191309927583,1.6815922744558973,0.36615625,0.04015667500014509,0.1423,0.40780000000000005,0.9027
RBT,2024-07-01,63.74667705564213,1.772837312035243,0.35724374999999997,0.04134326497631926,0.0532,0.36550000000000005,0.9001
RBT,2024-08-01,66.87540104500872,1.838259017401366,0.35915625,0.04689329150928484,0.0565,0.3849,0.9001
RBT,2024-09-01,70.72887065725547,2.898451351697558,0.37214375,0.045280726253985916,0.0536,0.3963,0.9001
RBT,2024-10-01,77.14387203226694,2.86008461545162,0.3644625,0.04342294235512055,0.0417,0.43010000000000004,0.9335
RBT,2024-11-01,77.33007150059584,2.6682751975767056,0.3717,0.041409611639951466,0.0332,0.4335,0.9335
RBT,2024-12-01,79.1794619121826,2.517288656712461,0.38055625,0.03934333248941171,0.0487,0.4555,0.9335
RBT,2025-01-01,81.51297094142451,2.476285432916188,0.39823125,0.03752310498144054,0.0702,0.4333,0.9726
RBT,2025-02-01,79.98670822256852,2.482892216723365,0.39663125,0.03516535800527178,0.0345,0.40890000000000004,0.9726
RBT,2025-03-01,78.00726464387203,2.413358791643413,0.38056875,0.029446258456964847,0.0501,0.402,0.9726
RBT,2025-04-01,74.14405536712806,2.2685026445894696,0.38915625,0.03255152123318349,0.1084,0.4152,0.9278
RBT,2025-05-01,72.16346594554955,2.2933010157981646,0.3651,0.033812124079212455,0.1903,0.42469999999999997,0.9278
RBT,2025-06-01,71.29569216998377,2.671428146596464,0.36588235294117644,0.03507036688732928,0.1962,0.40880000000000005,0.9278
RBT,2025-07-01,79.29718041767995,3.168276672933477,0.3992882352941176,0.0352090300910691,0.1953,0.44210000000000005,0.9392
RBT,2025-08-01,79.06208041929762,3.6347784004710726,0.4053647058823529,0.030149112463735334,0.204,0.4404,0.9392
RBT,2025-09-01,76.34225383250744,4.1857680423439465,0.4168588235294117,0.027449058176576918,0.1525,0.3919,0.9392
RBT,2025-10-01,76.3646988724906,2.925170154104443,0.44280625,0.02500692262545836,0.117,0.3899,0.9475
RBT,2025-11-01,74.54968374736455,2.6902705332551853,0.45665625,0.02369980558816978,0.0848,0.3619,0.9475
RBT,2025-12-01,75.35177376478137,2.478947058466159,0.4689,0.02205811115314673,0.0963,0.3701,0.9475
RBT,2026-01-01,69.9525621046842,2.3115113283848316,0.453025,0.016806221064406584,0.0858,0.352,0.9356
RBT,2026-02-01,72.7770648088734,2.0219453613328886,0.4142875,0.017046423312612535,0.057,0.4013,0.9356
RBT,2026-03-01,63.622353102942526,1.6402783054226502,0.36988750000000004,0.010558400503947761,0.0829,0.36419999999999997,0.9356
REM,2019-04-01,29.700858618266263,-0.04817178003797132,0.07079333333333333,0.0,0.0009,0.2912,0.9451
REM,2019-05-01,29.78030372475326,0.01688689151809245,0.06786,0.0,0.0021,0.2922,0.9451
REM,2019-06-01,23.814587343783423,0.031284888519878866,0.07303333333333333,0.0,0.0032,0.24109999999999998,0.9451
REM,2019-07-01,22.442631466373328,0.00861923338730785,0.08390666666666666,0.0,0.002,0.27840000000000004,0.8935
REM,2019-08-01,14.318452653772114,0.06736760808512383,0.09578,0.0,0.0005,0.18799999999999997,0.8935
REM,2019-09-01,16.008800073333944,0.0504114911563721,0.09657999999999999,0.0,0.0006,0.20620000000000005,0.8935
REM,2019-10-01,19.236410303419195,1.9352667122645437,0.11380625,0.0,0.029,0.16949999999999998,0.9185
REM,2019-11-01,22.135392794939957,1.9407419565271609,0.12594375,0.0,0.0318,0.1926,0.9185
REM,2019-12-01,24.29817123476029,1.8931849817849764,0.1299125,0.0,0.068,0.2178,0.9185
REM,2020-01-01,22.02711064258869,1.7656948420534364,0.1536375,0.0,0.0817,0.21430000000000005,0.896
REM,2020-02-01,20.35876340636172,1.73711114031699,0.1548125,0.0,0.0536,0.19240000000000002,0.896
REM,2020-03-01,15.60351544596205,1.5579073227299576,0.16965625,1.1099271887764163e-05,0.1539,0.1533,0.896
REM,2020-04-01,2.092882024016867,1.3415853923489578,0.297125,0.00013002329245157186,0.6949,0.0806,0.6151
REM,2020-05-01,2.090017416811807,1.206543908994185,0.3767,0.0011588716593836869,0.6771,0.04079999999999995,0.6151
REM,2020-06-01,3.143581752070156,1.1340739835604365,0.45790666666666663,0.0036694257314493954,0.5343,0.06169999999999998,0.6151
REM,2020-07-01,11.883765698047483,1.2006950617893102,0.5185933333333334,0.007712675530853881,0.427,0.07440000000000002,0.7832
REM,2020-08-01,12.379992055489351,1.2800395883587152,0.43748,0.010472300425344453,0.4136,0.10509999999999997,0.7832
REM,2020-09-01,14.985180432059156,1.1465334905964015,0.37212666666666666,0.013801580474652412,0.3339,0.15769999999999992,0.7832
REM,2020-10-01,31.719375439239776,1.2774290883263946,0.3265333333333334,0.019643484135903614,0.2914,0.22589999999999996,0.8876000000000001
REM,2020-11-01,24.21731292205213,1.325201379332391,0.29169999999999996,0.026092349318496997,0.2515,0.1522,0.8876000000000001
REM,2020-12-01,28.254346563999142,1.4284939475734786,0.2730066666666667,0.033464183679909464,0.2294,0.17730000000000004,0.8876000000000001
REM,2021-01-01,37.40092278546766,1.495001144829154,0.2725666666666667,0.04453794525747457,0.2511,0.25449999999999995,0.8784
REM,2021-02-01,33.17872093378556,1.5810785311516524,0.27384,0.05672421215752897,0.1805,0.17689999999999995,0.8784
REM,2021-03-01,31.56720750450698,1.556785980921654,0.2542,0.05965852102747092,0.1072,0.1514,0.8784
REM,2021-04-01,44.1699514162618,1.2855061864973791,0.27040555555555557,0.0652512136870053,0.078,0.1482,0.9796
REM,2021-05-01,58.26993002719467,1.56919151924241,0.26309444444444446,0.057670210029577396,0.0743,0.27170000000000005,0.9796
REM,2021-06-01,60.0355465925179,1.6913214120293676,0.2551388888888889,0.04719914293177757,0.0818,0.30379999999999996,0.9796
REM,2021-07-01,56.67033336388914,1.9038295332251254,0.2768611111111111,0.04659334054496927,0.0791,0.34099999999999997,0.9056
REM,2021-08-01,57.1414021042768,2.1374851736262923,0.2871388888888889,0.04776069781744993,0.1051,0.3397,0.9056
REM,2021-09-01,61.8332467585378,2.308740251584324,0.32011666666666666,0.052514636065724284,0.108,0.35409999999999997,0.9056
REM,2021-10-01,62.73566168606961,2.518633279145363,0.3308055555555556,0.05455306152706337,0.101,0.35929999999999995,0.8948
REM,2021-11-01,62.316028559497255,2.5502296672671507,0.3292277777777778,0.052629946150872235,0.11679999999999999,0.36019999999999996,0.8948
REM,2021-12-01,61.03777716666158,2.6354587436714976,0.3648222222222222,0.05041446022530965,0.1514,0.3378,0.8948
REM,2022-01-01,64.2033591020666,2.874196868662861,0.36893333333333334,0.05061395428960189,0.1666,0.3134,0.9392
REM,2022-02-01,66.47722064350536,2.9402345116148947,0.3779888888888889,0.04818886229118725,0.1375,0.32189999999999996,0.9392
REM,2022-03-01,68.12876218412931,3.067284217790492,0.3773722222222222,0.05212579033936236,0.1395,0.3306,0.9392
REM,2022-04-01,69.27002169462523,3.2232243063218466,0.3920333333333333,0.05827476804227873,0.1533,0.33230000000000004,0.933
REM,2022-05-01,70.38836434748067,3.2984147426075014,0.3773444444444444,0.06395683263211621,0.1245,0.34019999999999995,0.933
REM,2022-06-01,71.7750888664813,3.398241252115572,0.4045888888888889,0.07189847550475574,0.1178,0.3305,0.933
REM,2022-07-01,77.69273077275643,3.442615147429615,0.444,0.0847629003500883,0.12310000000000001,0.3335,0.9585
REM,2022-08-01,77.82208370254938,3.72527759919563,0.45663333333333334,0.08990288920140267,0.1777,0.3277,0.9585
REM,2022-09-01,80.74270989295282,3.749745550256225,0.46548333333333336,0.09335388155227436,0.1566,0.3527,0.9585
REM,2022-10-01,82.5867530377568,3.7885723120633426,0.4609888888888889,0.09751010210271477,0.1665,0.34140000000000004,0.9941999999999999
REM,2022-11-01,81.446002790764,3.6654251872918198,0.45511666666666667,0.09573922800140701,0.1709,0.33530000000000004,0.9941999999999999
REM,2022-12-01,84.5245006671352,3.5636659603170164,0.47274999999999995,0.0878684921644985,0.2295,0.38049999999999995,0.9941999999999999
REM,2023-01-01,77.84652835069922,3.329914563548232,0.4560777777777778,0.06967755702766945,0.2133,0.31410000000000005,0.9957999999999999
REM,2023-02-01,77.27717175420906,3.2074729063211547,0.4453166666666667,0.06155211546053019,0.1577,0.3123,0.9957999999999999
REM,2023-03-01,78.44083885884234,3.1644210810603357,0.4429388888888889,0.0617348287306405,0.12130000000000002,0.31710000000000005,0.9957999999999999
REM,2023-04-01,69.5384035607704,3.260168173148209,0.44421666666666665,0.0615931480398428,0.1789,0.2963,0.9388
REM,2023-05-01,69.0612236583453,3.2849824300533466,0.4329,0.05376729347223217,0.11189999999999999,0.2935,0.9388
REM,2023-06-01,67.1423187785824,3.2741653144219436,0.43829444444444443,0.047591485733815254,0.0876,0.27880000000000005,0.9388
REM,2023-07-01,67.64088774813864,3.2428133681682514,0.43351666666666666,0.04109084770051999,0.1169,0.3103,0.9287
REM,2023-08-01,68.27390228251903,3.2806676558640677,0.4376777777777778,0.04110740117714451,0.1308,0.31079999999999997,0.9287
REM,2023-09-01,67.17542090628532,3.1348339732004424,0.4445444444444444,0.04020674315600656,0.1861,0.31000000000000005,0.9287
REM,2023-10-01,73.04366425275765,3.1442696314989504,0.42036666666666667,0.03193538895359249,0.1331,0.32030000000000003,0.9766
REM,2023-11-01,77.47629378392968,3.09975912411388,0.4143555555555556,0.02443253931436049,0.0592,0.358,0.9766
REM,2023-12-01,74.81335492610587,2.5698939682815225,0.43338333333333334,0.01986197353140885,0.0683,0.3425,0.9766
REM,2024-01-01,67.31801468715942,2.681866459176362,0.4213,0.017467056492325352,0.0606,0.33709999999999996,0.9266
REM,2024-02-01,71.00100834173618,2.697700537546213,0.41762777777777776,0.014029773972689293,0.0423,0.3708,0.9266
REM,2024-03-01,64.40400892229657,2.61373270716863,0.4261666666666667,0.016048544432570477,0.0431,0.31100000000000005,0.9266
REM,2024-04-01,64.2130351086259,2.7795044503588917,0.41725555555555555,0.01819346977169803,0.0369,0.3127,0.9209999999999999
REM,2024-05-01,66.20170908831648,2.790805557518425,0.4260166666666667,0.0217468362502825,0.0257,0.31499999999999995,0.9209999999999999
REM,2024-06-01,58.98391745857142,2.3839543314864855,0.40417777777777775,0.024586204116028482,0.0221,0.27449999999999997,0.9209999999999999
REM,2024-07-01,61.687088133141856,2.3973100999845034,0.40839444444444445,0.02645076328997817,0.0156,0.27549999999999997,0.9332999999999999
REM,2024-08-01,63.476130819608684,2.3550791551602894,0.4126944444444444,0.028277622478944695,0.0368,0.2905,0.9332999999999999
REM,2024-09-01,67.06643851661727,2.3648224181763178,0.4151,0.027278219862745985,0.0525,0.3234,0.9332999999999999
REM,2024-10-01,68.2545502694004,2.2582655221287387,0.40257777777777776,0.02327671693267749,0.0496,0.31720000000000004,0.9621
REM,2024-11-01,69.8673877837871,2.395865665566527,0.39657777777777775,0.022135636165856225,0.0327,0.32930000000000004,0.9621
REM,2024-12-01,68.09667858343263,2.5111412489798344,0.4092166666666667,0.020345542029213896,0.0798,0.3186,0.9621
REM,2025-01-01,66.54189710840183,2.6816578347296414,0.42710555555555557,0.02219056074729484,0.0891,0.2872,0.9692
REM,2025-02-01,69.99674071358001,2.8450569739572207,0.4256888888888889,0.022111308357288542,0.0658,0.3093,0.9692
REM,2025-03-01,72.27467636304375,2.9353874964533757,0.4328722222222222,0.022693552661870207,0.0644,0.3247,0.9692
REM,2025-04-01,70.04002811134538,2.487005846424723,0.4207166666666666,0.029705778297226433,0.0731,0.3294,0.9571
REM,2025-05-01,64.95095792464937,2.400860204736078,0.4058111111111111,0.02912082347690652,0.0769,0.2995,0.9571
REM,2025-06-01,67.1514855216386,2.513409417120118,0.3998277777777778,0.029057012265295494,0.059399999999999994,0.31410000000000005,0.9571
REM,2025-07-01,68.64566463979793,2.271438839037862,0.4038111111111111,0.026486572878280358,0.0541,0.3194,0.9691
REM,2025-08-01,66.22462594595696,2.3298358585001515,0.4070666666666667,0.025254820171098317,0.0848,0.29990000000000006,0.9691
REM,2025-09-01,68.54839531070166,2.3282794900595594,0.41484444444444446,0.02524369406043037,0.1064,0.3176,0.9691
REM,2025-10-01,70.35067884824966,2.274173428880442,0.42558888888888885,0.022166929039280556,0.0693,0.34299999999999997,0.9514999999999999
REM,2025-11-01,65.34971124759373,2.1708632079090346,0.41041111111111106,0.019717417058815315,0.0902,0.31920000000000004,0.9514999999999999
REM,2025-12-01,67.5089885008301,2.1957955641021547,0.4244777777777778,0.015213356184836832,0.0866,0.3325,0.9514999999999999
REM,2026-01-01,68.43635734001487,2.179692577262677,0.4130333333333333,0.012160864872329296,0.0897,0.33630000000000004,0.9633
REM,2026-02-01,66.69925953086646,2.116948622393311,0.40100555555555556,0.01220246588473937,0.0727,0.32620000000000005,0.9633
REM,2026-03-01,58.04687261282733,2.006076963773241,0.36227777777777775,0.007518885496846385,0.11,0.2996,0.9633
REN,2019-04-01,9.799248327069392,0.07623318385650224,0.0271,0.0,0.0,0.20016666666666666,0.8586
REN,2019-05-01,8.726739389494913,-0.09192825112107628,0.0222,0.0,0.0,0.1860111111111111,0.8586
REN,2019-06-01,8.46090384086534,0.015695067264573925,0.0155,0.0,0.0,0.18253333333333333,0.8586
REN,2019-07-01,6.939224493537447,0.17488789237668168,0.0134,0.0,0.0,0.1839,0.8249
REN,2019-08-01,6.01338344486204,0.1928251121076232,0.015,0.0,0.0,0.15394444444444444,0.8249
REN,2019-09-01,6.572554771289761,0.10313901345291487,0.0142,0.0,0.0,0.17436666666666667,0.8249
REN,2019-10-01,6.838390319919332,-0.10313901345291476,0.0175,0.0,0.0,0.1867111111111111,0.8222
REN,2019-11-01,8.708405903382529,0.026905829596412634,0.0197,0.0,0.0,0.22341111111111112,0.8222
REN,2019-12-01,9.047575396461637,0.07623318385650224,0.0125,0.0,0.0,0.23170000000000002,0.8222
REN,2020-01-01,5.307544229535246,0.08295964125560529,0.0207,0.0,0.0,0.21933333333333332,0.7339
REN,2020-02-01,4.730039416995142,0.28251121076233177,0.0105,0.0,0.0,0.18774444444444446,0.7339
REN,2020-03-01,4.2992024933541115,0.3430493273542601,0.01,0.0,0.0,0.15826666666666667,0.7339
REN,2020-04-01,0.16500137501145842,0.047085201793722,0.0257,0.0,0.0,0.06829999999999999,0.4412
REN,2020-05-01,0.11000091667430562,-0.2600896860986547,0.0394,0.0,0.0,0.04981111111111111,0.4412
REN,2020-06-01,0.13750114584288203,-0.22869955156950672,0.0349,0.0,0.0,0.0657222222222222,0.4412
REN,2020-07-01,2.530021083509029,-0.11659192825112108,0.0355,0.0,0.0,0.06971111111111111,0.7051
REN,2020-08-01,2.7591896599138326,-0.03811659192825112,0.028,0.0,0.0357,0.09903333333333333,0.7051
REN,2020-09-01,3.4466953891282426,0.026905829596412634,0.0371,0.0,0.0,0.13994444444444445,0.7051
REN,2020-10-01,1.5400128334402787,-0.2488789237668162,0.0239,0.0,0.0,0.1627111111111111,0.54
REN,2020-11-01,1.4391786598221652,0.24215246636771304,0.0072,0.0,0.0,0.15506666666666666,0.54
REN,2020-12-01,1.970849757081309,0.40807174887892383,0.0191,0.0,0.0,0.19205555555555553,0.54
REN,2021-01-01,2.8050233751947933,0.41031390134529144,0.0223,0.0,0.0,0.2073222222222222,0.5956
REN,2021-02-01,2.4108534237785313,0.3811659192825112,0.0211,0.0,0.0,0.17145555555555556,0.5956
REN,2021-03-01,2.19085159042992,0.8004484304932735,0.01,0.0,0.0,0.15053333333333332,0.5956
REN,2021-04-01,3.923366028050234,0.0,0.012299999999999998,0.0,0.0,0.18597777777777777,0.6954
REN,2021-05-01,4.5558712989274905,-0.10914522058823534,0.016050000000000002,0.0,0.0,0.22124444444444447,0.6954
REN,2021-06-01,4.6933724447703735,0.08403361344537807,0.0116,0.0,0.0,0.22996666666666662,0.6954
REN,2021-07-01,8.616738472820607,0.09523809523809534,0.009,0.0,0.2,0.2987222222222222,0.7905
REN,2021-08-01,10.010083417361813,0.1876750700280112,0.0118,0.0,0.0,0.2820666666666667,0.7905
REN,2021-09-01,12.164268035566964,0.11764705882352944,0.0201,0.0,0.0,0.30892222222222226,0.7905
REN,2021-10-01,13.649280410670087,-0.2743347338935574,0.02205,0.0,0.0,0.31198888888888887,0.8132
REN,2021-11-01,13.09927582729856,-0.2723214285714286,0.01905,0.0,0.0313,0.31198888888888887,0.8132
REN,2021-12-01,13.245943716197635,-0.29375656512605036,0.0098,0.0,0.0,0.31304444444444446,0.8132
REN,2022-01-01,16.98139151159593,-0.3284204306722689,0.009049999999999999,0.0,0.0,0.2952222222222222,0.874
REN,2022-02-01,20.47850398753323,-0.18001575630252103,0.025750000000000002,0.0,0.0,0.31445555555555554,0.874
REN,2022-03-01,23.595196626638554,-0.08832282913165268,0.01645,0.0,0.0,0.3446444444444444,0.874
REN,2022-04-01,29.558162984691542,-0.14658832282913165,0.01515,0.0,0.0,0.3346555555555556,0.9329
REN,2022-05-01,28.9073242277019,-0.036797531512605064,0.018,0.0,0.0,0.32668888888888886,0.9329
REN,2022-06-01,28.98524154367953,0.32352941176470584,0.019,0.0,0.0,0.3193444444444445,0.9329
REN,2022-07-01,23.22852690439087,-0.03923757002801126,0.0217,0.0,0.0588,0.33765555555555554,0.8855
REN,2022-08-01,21.225593546612888,-0.07842043067226895,0.0337,0.0,0.0303,0.30885555555555555,0.8855
REN,2022-09-01,24.80520671005592,-0.0889793417366947,0.050850000000000006,0.0,0.0,0.3255444444444444,0.8855
REN,2022-10-01,28.513154276285633,-0.013206845238095233,0.0312,0.0,0.0,0.34904444444444443,0.9014
REN,2022-11-01,29.09982583188193,0.02051601890756305,0.023049999999999998,0.0,0.0,0.3572666666666666,0.9014
REN,2022-12-01,35.88779906499221,0.017113095238095177,0.03215,0.0,0.0455,0.41175555555555554,0.9014
REN,2023-01-01,25.27729397744981,-0.18002669817927175,0.01675,0.0,0.0,0.3276222222222222,0.9059
REN,2023-02-01,26.73480612338436,-0.10561099439775912,0.02815,0.0,0.0,0.33303333333333335,0.9059
REN,2023-03-01,28.173984783206528,0.08383665966386561,0.03875,0.0,0.0,0.3367111111111111,0.9059
REN,2023-04-01,21.578513154276287,0.07506127450980393,0.039900000000000005,0.0009398496240601503,0.0,0.31323333333333336,0.8709
REN,2023-05-01,19.841415345127878,-0.07604604341736693,0.039349999999999996,0.001141552511415525,0.0,0.30144444444444446,0.8709
REN,2023-06-01,18.5305710880924,-0.028394170168067223,0.0296,0.002178649237472767,0.0,0.2921666666666667,0.8709
REN,2023-07-01,21.262260518837657,-0.328015581232493,0.01915,0.0,0.0,0.2879111111111111,0.9118
REN,2023-08-01,21.954349619580164,0.3179271708683473,0.0425,0.0,0.1176,0.29236666666666666,0.9118
REN,2023-09-01,28.38940324502704,0.45798319327731085,0.0413,0.0,0.0,0.3234,0.9118
REN,2023-10-01,17.29764414703456,-0.1117384453781512,0.04345,0.001288659793814433,0.3562,0.35562222222222223,0.8641
REN,2023-11-01,24.796039966999725,0.2100840336134454,0.034600000000000006,0.0016747306464485233,0.0,0.3486,0.8641
REN,2023-12-01,22.449353744614537,0.34431897759103636,0.0392,0.001505050505050505,0.0909,0.3405111111111111,0.8641
REN,2024-01-01,25.488129067742232,-0.027037377450980393,0.0431,0.00101010101010101,0.0,0.3475,0.8717
REN,2024-02-01,24.837290310752586,-0.3415287990196078,0.01825,0.0005370569280343716,0.0,0.36081111111111114,0.8717
REN,2024-03-01,23.068108900907504,0.20637473739495793,0.0493,0.0,0.0125,0.32298888888888894,0.8717
REN,2024-04-01,26.730222751856267,0.19905462184873945,0.02595,0.0,0.0,0.3144222222222222,0.9199
REN,2024-05-01,29.11357594646622,0.2265953256302521,0.03415,0.000547645125958379,0.0,0.32742222222222217,0.9199
REN,2024-06-01,28.086900724172704,0.11438637955182074,0.0382,0.0018226485039277412,0.0,0.3173,0.9199
REN,2024-07-01,22.788523237693646,0.14731048669467783,0.02535,0.0017784150431682463,0.0,0.3070333333333333,0.8908
REN,2024-08-01,22.678522321019344,0.12129070378151263,0.03615,0.0,0.0,0.30442222222222226,0.8908
REN,2024-09-01,25.272710605921716,0.2618609943977591,0.0417,0.0,0.0,0.32315555555555553,0.8908
REN,2024-10-01,21.555596296635805,-0.07038909313725494,0.04,0.0,0.0,0.3275111111111111,0.8613
REN,2024-11-01,22.036850307085892,0.14422487745098045,0.0354,0.0,0.0,0.3296111111111111,0.8613
REN,2024-12-01,23.141442845357044,0.020395658263305305,0.039749999999999994,0.0,0.0,0.3400888888888889,0.8613
REN,2025-01-01,30.89650747089559,-0.16292454481792723,0.02855,0.0,0.0,0.3299,0.9403
REN,2025-02-01,30.62608855073792,-0.016741071428571397,0.02645,0.0,0.0,0.32674444444444445,0.9403
REN,2025-03-01,30.960674672288935,0.09030330882352944,0.0316,0.0,0.0,0.32464444444444446,0.9403
REN,2025-04-01,30.085250710422585,0.005066088935574253,0.01985,0.0,0.0,0.3197111111111111,0.9457
REN,2025-05-01,29.727747731231094,0.11053483893557425,0.02615,0.0,0.0,0.31185555555555555,0.9457
REN,2025-06-01,31.22192684939041,0.11401435574229696,0.04045,0.0,0.0,0.31575555555555557,0.9457
REN,2025-07-01,23.517279310660925,0.1549588585434174,0.03375,0.0,0.0,0.3357777777777778,0.8692
REN,2025-08-01,21.3310110917591,0.1143973214285714,0.03925,0.0,0.0046,0.31525555555555557,0.8692
REN,2025-09-01,21.693097442478688,-0.07203037464985995,0.04405,0.0,0.0035,0.3189888888888889,0.8692
REN,2025-10-01,23.1918599321661,-0.03882177871148457,0.03215,0.0,0.0,0.3294222222222223,0.8768
REN,2025-11-01,22.83435695297461,-0.07854079131652658,0.0334,0.0,0.0011,0.32626666666666665,0.8768
REN,2025-12-01,23.590613255110462,-0.14410451680672265,0.050850000000000006,0.0,0.0075,0.32713333333333333,0.8768
REN,2026-01-01,27.211476762306354,-0.024739583333333315,0.04135,0.0,0.0322,0.33355555555555555,0.9084
REN,2026-02-01,27.862315519295993,-0.22136510854341734,0.0445,0.0,0.0042,0.3351666666666666,0.9084
REN,2026-03-01,24.78228985241544,-0.2808670343137255,0.0359,0.0,0.0,0.3128666666666666,0.9084
REP,2019-04-01,0.6050050417086809,-0.05970829737154543,0.09054999999999999,0.0005436752446538601,0.0488,0.026599999999999957,0.5467
REP,2019-05-01,0.5820881840682006,0.0026265150707021068,0.098,0.00026269702276707533,0.0276,0.015100000000000002,0.5467
REP,2019-06-01,0.6416720139334495,0.057081782300843265,0.10625,0.00025523226135783564,0.0094,0.012800000000000034,0.5467
REP,2019-07-01,0.6050050417086809,0.13134750377858528,0.10619999999999999,8.478887569950823e-05,0.0053,0.013000000000000012,0.5412
REP,2019-08-01,0.5225043542029517,0.2918672099147861,0.10375,8.411843876177658e-05,0.016,0.0046000000000000485,0.5412
REP,2019-09-01,0.5775048125401044,0.2729453293083838,0.10475,8.418925745074928e-05,0.0163,0.009399999999999964,0.5412
REP,2019-10-01,0.8204235035291961,0.23557162272055365,0.11015,0.00025071034598027743,0.0147,0.010099999999999998,0.5673
REP,2019-11-01,0.7104225868548906,0.28557778759848207,0.1034,0.0004329004329004329,0.0115,0.0009000000000000119,0.5673
REP,2019-12-01,0.8204235035291961,0.3639883850929095,0.1226,9.061254077564335e-05,0.0461,0.009099999999999997,0.5673
REP,2020-01-01,0.6920891007425063,0.3227889907748489,0.10949999999999999,0.0,0.0353,0.0042999999999999705,0.563
REP,2020-02-01,0.8387569896415803,0.19597398837123914,0.11405,0.0,0.0117,0.014900000000000024,0.563
REP,2020-03-01,0.747089559079659,0.1873625543929256,0.11224999999999999,0.0,0.1223,0.022499999999999964,0.563
REP,2020-04-01,0.02291685764048034,0.11424973435610264,0.16375,0.00016244314489928524,0.7244,0.0,0.4117
REP,2020-05-01,0.05500045833715281,0.03398468616615241,0.2172,0.0003951319740793425,0.5301,0.0016000000000000458,0.4117
REP,2020-06-01,0.20166834723622695,-0.08267780131360392,0.3281,0.0008605851979345956,0.421,0.0,0.4117
REP,2020-07-01,1.1687597396644973,0.01745297722042971,0.35175,0.002067293983461648,0.4018,0.01870000000000005,0.5388
REP,2020-08-01,0.9304244202035017,0.06410018411511831,0.2777,0.0020978104103841614,0.418,0.02529999999999999,0.5388
REP,2020-09-01,1.012925107709231,0.14724291420013824,0.199,0.0013820831762784268,0.1719,0.02629999999999999,0.5388
REP,2020-10-01,0.540837840315336,-0.016741314795291506,0.1961,0.0016754736435107616,0.1253,0.02090000000000003,0.4743
REP,2020-11-01,0.605005041708681,-0.09467728595751645,0.19205,0.0030275702138624068,0.0947,0.01870000000000005,0.4743
REP,2020-12-01,0.6737556146301219,0.0885060353462237,0.1977,0.0030864197530864196,0.1532,0.034399999999999986,0.4743
REP,2021-01-01,1.5125126042717023,0.3144298319135642,0.2079,0.006208997188378632,0.163,0.041000000000000036,0.5659
REP,2021-02-01,2.3696030800256667,0.40393430041103806,0.1888,0.011327620612747976,0.1033,0.10389999999999999,0.5659
REP,2021-03-01,1.837931982766523,0.6100102378534588,0.18935000000000002,0.016440035666518055,0.1287,0.04830000000000001,0.5659
REP,2021-04-01,0.9212576771473096,0.4000876936568254,0.17795,0.010619641465315667,0.1071,0.022299999999999986,0.4986
REP,2021-05-01,0.9579246493720781,0.4211546802953296,0.1677,0.008264853121753093,0.0664,0.03159999999999996,0.4986
REP,2021-06-01,0.9808415070125586,0.4140712958859416,0.1778,0.00890757822391029,0.107,0.03369999999999995,0.4986
REP,2021-07-01,1.9066825556879639,0.4177421712195076,0.1851,0.00933582288610296,0.0948,0.037900000000000045,0.5993
REP,2021-08-01,1.769181409845082,0.41888548905715167,0.18045,0.010791050035236081,0.1729,0.036900000000000044,0.5993
REP,2021-09-01,1.6362636355302962,0.43503432310869283,0.2117,0.010836693548387098,0.3039,0.024700000000000055,0.5993
REP,2021-10-01,2.2504354202951693,0.43030381608848567,0.23525,0.012220553887220554,0.1419,0.03280000000000005,0.5931
REP,2021-11-01,2.094600788339903,0.4963706141384805,0.24309999999999998,0.012164154652686762,0.1275,0.012499999999999956,0.5931
REP,2021-12-01,2.7408561738014483,0.5576691874664076,0.26215,0.014310982473066409,0.1174,0.042300000000000004,0.5931
REP,2022-01-01,2.163351361261344,0.5882964328483464,0.26375,0.01575565190461443,0.1692,0.028200000000000003,0.5611
REP,2022-02-01,2.841690347419562,0.6512677862537835,0.2692,0.017978874822084052,0.0561,0.05620000000000003,0.5611
REP,2022-03-01,3.4237785314877627,0.6907676495271142,0.27325,0.019678512217977367,0.117,0.09609999999999996,0.5611
REP,2022-04-01,3.125859382161518,0.9768736268399165,0.31985,0.03000617519149663,0.2883,0.09030000000000005,0.5394
REP,2022-05-01,3.4604455037125312,1.0330631017152125,0.31615,0.04029583455091213,0.2226,0.07110000000000005,0.5394
REP,2022-06-01,5.651297094142451,1.1657089513535939,0.32839999999999997,0.05288034095140694,0.1053,0.07830000000000004,0.5394
REP,2022-07-01,12.819690164084701,1.180939830836107,0.33695,0.06068384527201361,0.1001,0.10440000000000005,0.6139
REP,2022-08-01,12.237601980016501,1.267110635448982,0.3429,0.06619358248680658,0.2071,0.0948,0.6139
REP,2022-09-01,11.458428820240169,1.3522946506869338,0.3437,0.0725607880846286,0.4098,0.09619999999999995,0.6139
REP,2022-10-01,18.736822806856726,1.405967176169956,0.3442,0.07833961269537155,0.3808,0.12339999999999995,0.6659
REP,2022-11-01,18.10890090750756,1.4066842839765772,0.3638,0.08087683986420925,0.161,0.06469999999999998,0.6659
REP,2022-12-01,23.512695939132826,1.4221011588763894,0.39105,0.08970657978215313,0.1972,0.11770000000000003,0.6659
REP,2023-01-01,16.087634063617198,1.373363287474894,0.3878,0.08186345397885818,0.0544,0.11919999999999997,0.57
REP,2023-02-01,14.891374094784123,1.3726240205184297,0.38870000000000005,0.07483493108493108,0.0756,0.13890000000000002,0.57
REP,2023-03-01,14.59345494545788,1.3754530838935983,0.38445,0.0647643450291966,0.0817,0.15849999999999997,0.57
REP,2023-04-01,6.490054083784031,1.3737713458618965,0.3689,0.0520858007437762,0.0764,0.11040000000000005,0.5103
REP,2023-05-01,5.426711889265744,1.4503531319836682,0.362,0.05832689961997024,0.0531,0.06720000000000004,0.5103
REP,2023-06-01,3.9508662572188102,1.348344192888327,0.348,0.05228890648048083,0.0393,0.047799999999999954,0.5103
REP,2023-07-01,4.519204326702723,1.5800772741416864,0.329,0.0451558347469405,0.0844,0.08350000000000002,0.5321
REP,2023-08-01,4.418370153084609,1.977728639993965,0.34265,0.043591229360684325,0.0953,0.07999999999999996,0.5321
REP,2023-09-01,5.266293885782381,2.1800603011758493,0.37934999999999997,0.04515932955779538,0.0762,0.08250000000000002,0.5321
REP,2023-10-01,11.733431111925933,2.3356359204533668,0.40445,0.0444973544973545,0.0537,0.15190000000000003,0.5803
REP,2023-11-01,9.780914840957008,2.483602464851817,0.43455,0.04791489604622814,0.0314,0.10529999999999995,0.5803
REP,2023-12-01,8.18131817765148,2.0187944951014134,0.45475,0.04175441244783768,0.0539,0.08679999999999999,0.5803
REP,2024-01-01,13.919699330827758,1.9529365588254706,0.4899,0.04706985428420668,0.0376,0.13270000000000004,0.608
REP,2024-02-01,15.042625355211294,2.0923748950976417,0.49429999999999996,0.05009856602992183,0.0594,0.15490000000000004,0.608
REP,2024-03-01,10.294252452103766,1.9708717975313763,0.5,0.052092696974034576,0.0804,0.08530000000000004,0.608
REP,2024-04-01,6.774223118525987,1.8595576656514319,0.49455000000000005,0.045010569668253994,0.0926,0.08899999999999997,0.5457
REP,2024-05-01,7.145476212301769,1.963383419298262,0.47335,0.03922467141771858,0.0558,0.11429999999999996,0.5457
REP,2024-06-01,5.660463837198643,1.8662558580305701,0.4716,0.03243145412217393,0.0313,0.09079999999999999,0.5457
REP,2024-07-01,6.265468878907324,1.7128577288285824,0.43655,0.02982989337632415,0.042,0.08240000000000003,0.5972
REP,2024-08-01,6.42130351086259,1.5445191464484067,0.398,0.02685620979664431,0.0918,0.11260000000000003,0.5972
REP,2024-09-01,7.402145017875149,1.4351392254669924,0.3634,0.01780903696561751,0.0652,0.17149999999999999,0.5972
REP,2024-10-01,4.991291594096618,1.399664312453442,0.36185,0.01424027194318089,0.0291,0.09319999999999995,0.6114
REP,2024-11-01,4.642955357961316,1.426512479844603,0.3638,0.015335005229959623,0.0644,0.08330000000000004,0.6114
REP,2024-12-01,4.752956274635622,1.4121521720681558,0.37825,0.013004366328499294,0.1741,0.10819999999999996,0.6114
REP,2025-01-01,4.037950316252635,1.4411827799832155,0.38685,0.015278062954845364,0.3091,0.09619999999999995,0.6051
REP,2025-02-01,5.788798239985333,1.4650156528462719,0.39315,0.015281207105992444,0.0534,0.11629999999999996,0.6051
REP,2025-03-01,5.330461087175726,1.3585124138386246,0.38444999999999996,0.011653721840273273,0.0269,0.1078,0.6051
REP,2025-04-01,4.500870840590338,1.4136724311887676,0.37324999999999997,0.014474801171901986,0.1006,0.10940000000000005,0.5814
REP,2025-05-01,4.835456962141351,1.4066748545511123,0.3698,0.01774106274289105,0.174,0.13490000000000002,0.5814
REP,2025-06-01,4.198368319735998,1.3795440401316348,0.3788,0.021252564370285634,0.1145,0.07430000000000003,0.5814
REP,2025-07-01,7.021725181043175,1.384054134331595,0.39325,0.034153216097997055,0.1366,0.1139,0.5888
REP,2025-08-01,7.177559812998442,1.4153885866234168,0.3917,0.04601762318020009,0.2037,0.0867,0.5888
REP,2025-09-01,7.521312677605647,1.4929637627179375,0.3953,0.05238751723273593,0.1565,0.06499999999999995,0.5888
REP,2025-10-01,14.598038316985974,1.3279497600211219,0.40279999999999994,0.05305308806043226,0.0988,0.16679999999999995,0.6058
REP,2025-11-01,15.601796681639014,1.1991581880416025,0.3938,0.049290968377947976,0.0579,0.19299999999999995,0.6058
REP,2025-12-01,9.015491795764964,1.1916509509575581,0.3903,0.040319498585951234,0.1002,0.13019999999999998,0.6058
REP,2026-01-01,8.557154642955357,1.1124374121884752,0.39735,0.03688450522327216,0.0951,0.10409999999999997,0.6287
REP,2026-02-01,6.751306260885507,1.058149380958218,0.3995,0.021334431630971994,0.0688,0.10929999999999995,0.6287
REP,2026-03-01,5.335044458703823,0.9586194378176538,0.33335000000000004,0.013182763182763183,0.043,0.12649999999999995,0.6287
RET,2019-04-01,7.605341155620742,-0.04660369384473606,0.10403333333333332,0.00031065548306927616,0.0,0.2001666666666667,0.7824
RET,2019-05-01,6.99728053289333,0.013422624452505047,0.10243333333333333,0.00015165301789505612,0.0008,0.1860111111111111,0.7824
RET,2019-06-01,7.162281907904788,0.03318106939223112,0.1153,0.0001443001443001443,0.0008,0.18253333333333333,0.7824
RET,2019-07-01,7.290616310691479,0.04025992559789423,0.12190000000000001,0.0,0.0,0.18390000000000004,0.781
RET,2019-08-01,6.78644544260091,0.06198154221146327,0.14706666666666668,0.0,0.0,0.15394444444444444,0.781
RET,2019-09-01,7.666452775995356,0.07342881217895518,0.14986666666666668,0.00014442518775274407,0.0,0.17436666666666667,0.781
RET,2019-10-01,5.921716014300119,0.06933184250801634,0.15963333333333332,0.00015015015015015014,0.0017,0.18671111111111113,0.7163
RET,2019-11-01,7.073670058361597,0.021389267024438514,0.1575,0.00015276504735716468,0.0009000000000000001,0.22341111111111112,0.7163
RET,2019-12-01,7.360894674122284,-0.016604938747978637,0.15483333333333332,0.0,0.0,0.23170000000000002,0.7163
RET,2020-01-01,9.475356739083937,0.0005686869836012779,0.15653333333333333,0.0,0.0015000000000000002,0.2193333333333333,0.7685
RET,2020-02-01,8.161456901029732,0.011254633266895206,0.1678666666666667,0.0,0.0017,0.18774444444444446,0.7685
RET,2020-03-01,7.623674641733126,0.07598526233598328,0.20709999999999998,0.0,0.0145,0.15826666666666667,0.7685
RET,2020-04-01,0.32694716900418613,0.08698183507735784,0.28719999999999996,0.0,0.7131,0.06829999999999999,0.4805
RET,2020-05-01,0.4950041250343753,0.09571746152788152,0.3859333333333333,0.00012693577050012695,0.7102,0.04981111111111111,0.4805
RET,2020-06-01,1.5736242246463166,0.08108359869524939,0.4857,0.0006459811063068294,0.3915,0.0657222222222222,0.4805
RET,2020-07-01,4.060867173893116,0.08727615153002488,0.5187,0.00237566604814019,0.2134,0.06971111111111111,0.604
RET,2020-08-01,4.528371069758914,0.09833337386926107,0.4416,0.0036283691952147257,0.05960000000000001,0.09903333333333335,0.604
RET,2020-09-01,5.02031961377456,0.10410238220631085,0.3743666666666667,0.004220762831021679,0.0206,0.13994444444444445,0.604
RET,2020-10-01,9.728969963638585,0.11310792374107718,0.33813333333333334,0.009017705540914881,0.012500000000000002,0.1627111111111111,0.7032000000000002
RET,2020-11-01,9.539523940477281,0.074326874471443,0.305,0.015642432405795197,0.0098,0.15506666666666666,0.7032000000000002
RET,2020-12-01,11.690652977663703,0.10715789257937884,0.29893333333333333,0.017107010958754255,0.0076,0.19205555555555553,0.7032000000000002
RET,2021-01-01,11.967183059858833,0.06189518990472426,0.3097,0.02010240404613356,0.0032,0.2073222222222222,0.6927
RET,2021-02-01,10.603630030250251,0.03885983855526501,0.29285,0.028090636139734185,0.0059,0.17145555555555556,0.6927
RET,2021-03-01,7.58777156476304,0.07342216969344142,0.24335,0.02494155280052126,0.0049,0.15053333333333332,0.6927
RET,2021-04-01,8.943074525621046,0.007763490213663871,0.15854,0.015954912217317038,0.006500000000000001,0.18597777777777777,0.7345
RET,2021-05-01,9.542579521496013,-0.014422884147575022,0.14632,0.012185381691256294,0.0037000000000000006,0.22124444444444444,0.7345
RET,2021-06-01,9.076908974241451,-0.06142203111396303,0.1282,0.009889946151233947,0.0058,0.2299666666666666,0.7345
RET,2021-07-01,14.939957832981941,-0.06649315825701141,0.15150000000000002,0.008625212763571838,0.0039,0.2987222222222222,0.7499
RET,2021-08-01,12.943441195343294,-0.018664354537904472,0.12982,0.007192451040487514,0.0,0.2820666666666667,0.7499
RET,2021-09-01,15.055458795489963,0.010506598412955337,0.13414,0.005962750716332378,0.0,0.30892222222222226,0.7499
RET,2021-10-01,18.62682189018242,-0.028966495190462238,0.16976,0.005734679205501268,0.0,0.31198888888888887,0.7716
RET,2021-11-01,17.031808598404986,-0.04529121026981329,0.13864,0.0049052001427636145,0.0024,0.31198888888888887,0.7716
RET,2021-12-01,31.92929385522657,-0.03234364079540588,0.24026666666666666,0.050030570876800406,0.0024,0.31304444444444446,0.7716
RET,2022-01-01,53.442112017600145,0.01532124259005239,0.22506666666666666,0.036271915788739756,0.0044,0.2952222222222222,1.0
RET,2022-02-01,53.56433525834938,0.09545716764560952,0.19335,0.028334917013859262,0.0031,0.31445555555555554,1.0
RET,2022-03-01,60.69758914657623,0.35399481586344095,0.21943333333333334,0.020721443426757438,0.0043,0.34464444444444436,1.0
RET,2022-04-01,39.82338741711737,0.8551326071990458,0.28709999999999997,0.013541365231365335,0.0008,0.33465555555555565,0.8342
RET,2022-05-01,35.50737922816024,0.825635787619612,0.2212333333333333,0.01573668564161269,0.0024,0.32668888888888886,0.8342
RET,2022-06-01,35.02918079872887,0.673193260541968,0.24666666666666667,0.011186495442976311,0.0069,0.3193444444444445,0.8342
RET,2022-07-01,35.71363094692456,0.43653870256523425,0.24603333333333333,0.018901480805356804,0.0031,0.33765555555555554,0.8127
RET,2022-08-01,32.740550615699576,0.3288523366888543,0.24639999999999998,0.020986440647642754,0.0008,0.30885555555555555,0.8127
RET,2022-09-01,36.500443059247715,0.30436369117134904,0.26485,0.02269053114883775,0.0007,0.3255444444444444,0.8127
RET,2022-10-01,47.53139609496746,0.5268210131367491,0.32848,0.025885871550978566,0.0025,0.34904444444444443,0.8342
RET,2022-11-01,39.84324869373912,0.27682856692544033,0.25,0.014516606525710898,0.0031,0.3572666666666666,0.8342
RET,2022-12-01,45.0652366547499,0.21339842879093152,0.22375,0.013823311750159141,0.005,0.4117555555555555,0.8342
RET,2023-01-01,36.37669202798912,0.20913072011527112,0.18875,0.012178676099486386,0.0062,0.3276222222222222,0.8731
RET,2023-02-01,35.935160570782536,0.1991366873206651,0.18745,0.008075001545033092,0.006599999999999999,0.33303333333333335,0.8731
RET,2023-03-01,36.60738839490329,0.3294351001929621,0.19356666666666666,0.0063421098991568135,0.0057,0.3367111111111111,0.8731
RET,2023-04-01,34.49750970146974,0.32066858890501004,0.20158333333333334,0.00471804352872218,0.0061,0.31323333333333336,0.8786999999999999
RET,2023-05-01,31.804015033458615,0.23537561482093736,0.18318333333333334,0.005481322017134957,0.0046,0.30144444444444446,0.8786999999999999
RET,2023-06-01,31.51373483667919,0.21647784390947766,0.20226666666666668,0.003955872959440761,0.0053,0.2921666666666667,0.8786999999999999
RET,2023-07-01,18.12265102209185,0.3386902562018855,0.21898333333333334,0.0054125760648601265,0.0061,0.2879111111111111,0.7501000000000001
RET,2023-08-01,19.424328536071133,0.42381272155804467,0.23715,0.005093376833267387,0.0044,0.29236666666666666,0.7501000000000001
RET,2023-09-01,23.854921013230665,0.3917900467722038,0.25305,0.0052477306343984885,0.0048,0.3234,0.7501000000000001
RET,2023-10-01,34.3050080972897,0.36827259054151495,0.2751,0.00606033903604087,0.0058,0.35562222222222223,0.7955
RET,2023-11-01,33.603752253491,0.4921784282288532,0.2715,0.006349255235286491,0.0038999999999999994,0.3486,0.7955
RET,2023-12-01,32.63207748953463,0.42660176408098865,0.26718333333333333,0.006329346682628407,0.0059,0.34051111111111104,0.7955
RET,2024-01-01,33.45861215510129,0.3691450147658856,0.2659833333333333,0.006735098170853063,0.0058,0.3475,0.7967
RET,2024-02-01,34.728206068383905,0.4123655378281568,0.26105,0.006553229391242098,0.0049,0.36081111111111114,0.7967
RET,2024-03-01,30.92400770006417,0.44723639198480836,0.2611666666666667,0.008508940075327582,0.0073,0.32298888888888894,0.7967
RET,2024-04-01,20.082806245607603,0.4711158005463741,0.26093333333333335,0.008164514665896053,0.0075,0.3144222222222222,0.7060999999999998
RET,2024-05-01,21.68851407095059,0.5690335740451746,0.25958333333333333,0.009902751345410398,0.007700000000000001,0.32742222222222217,0.7060999999999998
RET,2024-06-01,21.543373972560886,0.5533401121044603,0.2591333333333333,0.011656101814060202,0.0076,0.3173,0.7060999999999998
RET,2024-07-01,31.958321874904513,0.561402366937192,0.2586833333333333,0.01362737237668576,0.0119,0.3070333333333333,0.8099
RET,2024-08-01,31.833043053136553,0.6970978292655589,0.26675,0.012739875061521383,0.0191,0.30442222222222226,0.8099
RET,2024-09-01,34.36764750817368,0.7330253384909383,0.26825,0.012875056851849087,0.0107,0.32315555555555553,0.8099
RET,2024-10-01,39.45518990436032,0.7628673537346686,0.2836,0.011302360610220288,0.0081,0.3275111111111111,0.8381
RET,2024-11-01,40.15797353866838,0.7142750006742462,0.28718333333333335,0.011896257057993546,0.0034,0.3296111111111111,0.8381
RET,2024-12-01,41.68423625752437,0.7909610624207937,0.2948,0.009573311714636391,0.0049,0.3400888888888889,0.8381
RET,2025-01-01,43.968283069025574,0.8170520684884729,0.30265,0.010839481842017884,0.0153,0.3299,0.8602
RET,2025-02-01,43.10813701225288,0.82729102390346,0.28635000000000005,0.012449274971576246,0.0059,0.32674444444444445,0.8602
RET,2025-03-01,42.332019433495276,0.717080805419028,0.2833,0.011971601751819968,0.0059,0.32464444444444446,0.8602
RET,2025-04-01,61.83273749503468,0.7533733667109951,0.29908333333333337,0.015397101206330146,0.0049,0.3197111111111111,1.0
RET,2025-05-01,60.78467320561004,0.8086496275764222,0.29268333333333335,0.014289924056571033,0.0061,0.31185555555555555,1.0
RET,2025-06-01,62.608855073792284,0.8016558598849639,0.31165000000000004,0.014841905731583638,0.0064,0.31575555555555557,1.0
RET,2025-07-01,35.52571271427262,0.7794867246898415,0.2966166666666667,0.015293897569233661,0.0030000000000000005,0.3357777777777778,0.7818999999999999
RET,2025-08-01,33.23402695022458,0.4545726017660359,0.3011,0.0189245613559996,0.0042,0.31525555555555557,0.7818999999999999
RET,2025-09-01,32.98499709719803,0.7692753699814077,0.30196666666666666,0.014560852203974335,0.0085,0.3189888888888889,0.7818999999999999
RET,2025-10-01,29.15940966174718,0.6198583291715424,0.33866666666666667,0.012548277504124981,0.0073,0.3294222222222223,0.7356000000000001
RET,2025-11-01,30.795673297277474,0.5754342998008197,0.36811666666666665,0.015537658733658267,0.0052,0.32626666666666665,0.7356000000000001
RET,2025-12-01,30.204418370153082,0.582634220007203,0.3353333333333333,0.017998450855836318,0.0064,0.32713333333333333,0.7356000000000001
RET,2026-01-01,44.99648608182846,0.5302181042696638,0.3841833333333333,0.015360039857180659,0.0048,0.33355555555555555,0.8217
RET,2026-02-01,41.75145903993644,0.5416267819454094,0.3445833333333333,0.012651729560973166,0.0042,0.3351666666666666,0.8217
RET,2026-03-01,37.404895040792006,0.4807810913901542,0.33168333333333333,0.011200995899549942,0.0034,0.3128666666666666,0.8217
RJN,2019-04-01,34.342286185718216,0.05128648302824494,0.21084666666666668,0.0026922117447487903,0.0521,0.2871,0.9157999999999998
RJN,2019-05-01,32.230879701775294,-0.028396251880342085,0.21424,0.0016145533601892707,0.0729,0.2744,0.9157999999999998
RJN,2019-06-01,23.985088764628593,-0.022890231147902895,0.21615333333333334,0.002571263853425623,0.077,0.1997,0.9157999999999998
RJN,2019-07-01,28.827573563113027,0.004654610896874963,0.18595333333333333,0.00023724792408066428,0.0566,0.2489,0.9284
RJN,2019-08-01,20.953341277843986,-0.10417521139474413,0.17688666666666666,0.0008230452674897119,0.09780000000000001,0.19169999999999998,0.9284
RJN,2019-09-01,23.813234157903697,-0.11619423972662801,0.18222142857142856,0.0,0.0145,0.19959999999999997,0.9284
RJN,2019-10-01,24.192257157698535,-0.15418939988064315,0.15299333333333334,0.0,0.0053,0.20679999999999998,0.9407
RJN,2019-11-01,30.520976563693587,-0.18225350460176254,0.17394666666666667,0.0,0.0022,0.24860000000000004,0.9407
RJN,2019-12-01,36.17869037797537,-0.10790837355937997,0.17065999999999998,0.0,0.0063,0.29610000000000003,0.9407
RJN,2020-01-01,28.11767479014706,-0.001330111600612178,0.10377857142857143,5.9375371096069353e-05,0.0068,0.3067,0.9014
RJN,2020-02-01,24.129923304916428,0.023155580772604947,0.12004666666666666,0.00015698587127158553,0.0033,0.26270000000000004,0.9014
RJN,2020-03-01,19.907345381724333,0.09489657832832613,0.16621538461538463,0.0002967711301044634,0.0184,0.20140000000000002,0.9014
RJN,2020-04-01,1.738625599657775,0.06845451810458354,0.20958666666666667,0.0008113979627101436,0.49,0.0977,0.6085
RJN,2020-05-01,2.08936264945065,0.13011928374215,0.28643571428571424,0.0019725186804394725,0.5728,0.10199999999999998,0.6085
RJN,2020-06-01,3.11014496549376,0.21735428560817827,0.3882714285714286,0.006549403753984079,0.5579,0.1048,0.6085
RJN,2020-07-01,8.665191257546194,0.14496355394309277,0.5467500000000001,0.011917126984192847,0.531,0.09970000000000001,0.6951
RJN,2020-08-01,6.8861883372837625,0.19838483399305148,0.47569285714285714,0.015369843987447344,0.5596,0.08479999999999999,0.6951
RJN,2020-09-01,10.188180139596401,0.2631043325176863,0.4223214285714286,0.015564435453065888,0.5494,0.18910000000000005,0.6951
RJN,2020-10-01,9.671568691643857,0.24152753972040988,0.36303571428571424,0.0202936103350948,0.536,0.16700000000000004,0.7242
RJN,2020-11-01,13.099275827298559,0.2727910531555246,0.3855230769230769,0.0219714040625942,0.5563,0.22629999999999997,0.7242
RJN,2020-12-01,14.144284535704465,0.1992469473943608,0.3257,0.018097045023013205,0.5591,0.2905,0.7242
RJN,2021-01-01,17.003603235155165,0.31803508397459834,0.34511538461538466,0.02872513383409214,0.5639,0.2865,0.7248
RJN,2021-02-01,20.35510552331526,0.42207547391027983,0.3178,0.04390541456751025,0.518,0.2873,0.7248
RJN,2021-03-01,16.688408300838404,0.5016446619785848,0.3188846153846154,0.04640564172435983,0.4348,0.2106,0.7248
RJN,2021-04-01,30.10358419653497,0.4373280516043897,0.33291875,0.030395696830930054,0.3939,0.32099999999999995,0.7942
RJN,2021-05-01,26.452355852965443,0.4621310574398649,0.303825,0.02531084935902941,0.3779,0.30610000000000004,0.7942
RJN,2021-06-01,29.10269043908699,0.30912694042322214,0.30793750000000003,0.02212998449516272,0.3275,0.3296,0.7942
RJN,2021-07-01,35.46956641305344,0.40553721948281757,0.3412,0.02070461139726891,0.2848,0.397,0.7612
RJN,2021-08-01,33.181891099092496,0.22591799437951066,0.302225,0.01853469892568737,0.2914,0.4073,0.7612
RJN,2021-09-01,40.18700155834632,2.56676264200822,0.27105333333333337,0.020040760991022498,0.2823,0.4334,0.7612
RJN,2021-10-01,43.20171418095151,2.0415663812811813,0.30575625,0.046056018803474055,0.2291,0.37160000000000004,0.8003
RJN,2021-11-01,38.80053167109726,1.1171828909098966,0.25710625,0.03199984918309134,0.2475,0.3823,0.8003
RJN,2021-12-01,38.05481712347603,1.3218165587650337,0.25494666666666665,0.029737736774153,0.2741,0.3862,0.8003
RJN,2022-01-01,31.76333761114676,0.499569185514756,0.2955375,0.02210848365829058,0.332,0.3597,0.7919
RJN,2022-02-01,36.71158370764201,0.8346032999214205,0.23266,0.0233070823895819,0.2918,0.4206,0.7919
RJN,2022-03-01,42.33446389831026,1.7319898378838239,0.2366,0.022708742737903263,0.298,0.4478,0.7919
RJN,2022-04-01,42.83863476640083,1.1429161247237036,0.2537933333333333,0.022037462047867103,0.3083,0.4416,0.8064
RJN,2022-05-01,42.515927216060135,1.2631407598705984,0.2218125,0.01831230493037833,0.2756,0.4517,0.8064
RJN,2022-06-01,45.04720872673939,2.9185736693790347,0.23565333333333335,0.019865940576081046,0.2475,0.4293,0.8064
RJN,2022-07-01,60.727953982949856,3.8853115956088704,0.21055,0.017485823219828254,0.2524,0.4575,0.912
RJN,2022-08-01,58.322256852140434,2.800456612800419,0.22378125,0.016925136204102346,0.2633,0.4364,0.912
RJN,2022-09-01,67.4907186726556,4.127186964569258,0.23186875,0.014456019080955382,0.2394,0.5018,0.912
RJN,2022-10-01,72.5427399394995,4.787714488688017,0.23523125,0.013855232050212347,0.208,0.5049,0.9398
RJN,2022-11-01,73.76764598038316,4.655289913597925,0.279725,0.01288506460817392,0.1356,0.4738,0.9398
RJN,2022-12-01,77.00121459345495,5.457058578279525,0.28328749999999997,0.01110868970102308,0.2522,0.5302,0.9398
RJN,2023-01-01,68.99119992666606,5.473411248179137,0.29236875,0.010818817228086251,0.1472,0.43500000000000005,0.9419
RJN,2023-02-01,74.57832981941516,6.654564411980918,0.3536875,0.014292548360078327,0.0971,0.42769999999999997,0.9419
RJN,2023-03-01,80.96697680814006,5.825492731724479,0.40638125,0.01748639654217337,0.133,0.4557,0.9419
RJN,2023-04-01,70.06542762856357,1.353039130164452,0.3835,0.019776373446986212,0.1809,0.42379999999999995,0.9252
RJN,2023-05-01,74.13546154551288,1.5562663059585375,0.39185625,0.022733981027246403,0.1967,0.4477,0.9252
RJN,2023-06-01,73.49665413878449,1.6763223314420377,0.41439375,0.023883667473531246,0.2387,0.4377,0.9252
RJN,2023-07-01,60.380763589696585,1.8789982651730912,0.42746875,0.026422370173276855,0.1938,0.35529999999999995,0.8815
RJN,2023-08-01,63.23047483729031,2.116483069924524,0.4423625,0.027849046146958937,0.2405,0.3758,0.8815
RJN,2023-09-01,72.8962324686039,2.333928213109782,0.4444375,0.031125667621617673,0.3001,0.4567,0.8815
RJN,2023-10-01,76.77548354569622,2.3469454233401907,0.4419,0.033611038555712014,0.266,0.4646,0.9018
RJN,2023-11-01,76.30282335686131,2.4100672087194575,0.4360625,0.03046536563725668,0.292,0.47250000000000003,0.9018
RJN,2023-12-01,78.3544550371253,2.538850733785056,0.42145625,0.03186206167964708,0.3191,0.5042,0.9018
RJN,2024-01-01,78.01815015125126,2.518110580705119,0.41854375,0.03707251784788095,0.3887,0.4931,0.9179
RJN,2024-02-01,82.11568429736914,2.8436575316797597,0.40919375,0.0400741044425921,0.2669,0.5082,0.9179
RJN,2024-03-01,81.79423717419868,2.6331556969138616,0.44256,0.04141179597390263,0.1641,0.4646,0.9179
RJN,2024-04-01,79.53494056894918,2.5764710880820227,0.40235333333333334,0.029265817141419063,0.1287,0.47050000000000003,0.9150000000000001
RJN,2024-05-01,78.18830781923182,2.3505496949811784,0.36845625,0.02574440776281861,0.1321,0.49439999999999995,0.915
RJN,2024-06-01,76.43230360253003,2.4051570660962875,0.37900625,0.027227264120472522,0.129,0.46840000000000004,0.915
RJN,2024-07-01,85.4243056192135,2.6811750156382335,0.38111875,0.031944043450161594,0.1546,0.4787,1.0
RJN,2024-08-01,84.08080484004033,2.598032874994278,0.38355625,0.030192383242109707,0.1578,0.46930000000000005,1.0
RJN,2024-09-01,86.49127631619152,2.875079325260082,0.3902066666666667,0.029377923357003077,0.1062,0.4693,1.0
RJN,2024-10-01,83.49986249885416,2.7118013011846607,0.36704375,0.026064455546484303,0.0728,0.48629999999999995,0.9659
RJN,2024-11-01,81.80768173068108,2.923265327767799,0.37284666666666666,0.023200447201082688,0.0761,0.45620000000000005,0.9659
RJN,2024-12-01,86.07327283282916,2.6626800992370523,0.40109333333333336,0.01745415539742377,0.0954,0.5024,0.9659
RJN,2025-01-01,80.2120573226999,2.716491788700431,0.39968,0.014185038225838038,0.057,0.494,0.9109
RJN,2025-02-01,78.72799981666515,2.2567709615801004,0.39359375,0.010321495759918028,0.041,0.4952,0.9109
RJN,2025-03-01,76.01980016500137,2.4100921296467264,0.36426875,0.0063525230020227644,0.033,0.4849,0.9109
RJN,2025-04-01,74.09421120176002,2.0944534173853717,0.36291249999999997,0.006774471020097903,0.0867,0.5076,0.8837
RJN,2025-05-01,65.88077122864912,1.8494820134649883,0.37286,0.0084065166749874,0.0722,0.4304,0.8837
RJN,2025-06-01,85.0342734337601,2.2326107964080344,0.49436111111111114,0.08081255496181951,0.145,0.5327999999999999,0.8837
RJN,2025-07-01,84.11689889082409,2.687144468797326,0.34113125,0.019034038661374642,0.1614,0.5869,0.8846
RJN,2025-08-01,76.65746172884774,2.828402986518557,0.34250625,0.02185681906141409,0.2386,0.52,0.8846
RJN,2025-09-01,83.21798514987626,3.055292443782548,0.3684375,0.02835975464029383,0.1814,0.5436000000000001,0.8846
RJN,2025-10-01,85.52857732147768,3.271977273119817,0.3841,0.029531023326053875,0.1536,0.5143,0.9203
RJN,2025-11-01,87.39744706205884,3.429234796134185,0.43548125,0.029252868810974685,0.1309,0.49260000000000004,0.9203
RJN,2025-12-01,84.31914015950133,3.211949906301108,0.4641375,0.02640464728683091,0.1679,0.4776,0.9203
RJN,2026-01-01,88.25224585204877,3.4961217984579873,0.42755,0.019870999391695735,0.1996,0.5697,0.9171
RJN,2026-02-01,84.4612246768723,3.7495178072918347,0.37351875,0.020412256063286095,0.1511,0.5265,0.9171
RJN,2026-03-01,78.79675038958658,3.0396156559461835,0.35715625,0.015073020544528047,0.1393,0.4919,0.9171
RJR,2019-04-01,22.441905765881383,-0.018047885903435944,0.1492,0.0,0.0768,0.17889999999999995,0.9697
RJR,2019-05-01,16.932120267668896,0.014065020626313873,0.1442125,1.4630149812734083e-05,0.0643,0.12549999999999994,0.9697
RJR,2019-06-01,24.34457787148226,0.003982865277122098,0.15755,1.4764942121426884e-05,0.0383,0.18289999999999995,0.9697
RJR,2019-07-01,19.71709139242827,0.036515075326784545,0.1652,0.0,0.0468,0.14539999999999997,0.9631
RJR,2019-08-01,15.260335502795856,0.029117409005575766,0.1610375,0.0,0.0671,0.10470000000000002,0.9631
RJR,2019-09-01,20.785016958474653,0.0766715828465668,0.15128125,0.0,0.0794,0.16920000000000002,0.9631
RJR,2019-10-01,27.617678063983867,0.10689752170411625,0.16046875,0.00028915734676595347,0.0533,0.18879999999999997,0.9896
RJR,2019-11-01,32.241727014391785,0.05238075489610019,0.16361875,0.0,0.0555,0.22560000000000002,0.9896
RJR,2019-12-01,40.94784123201027,-0.056795795968751124,0.17165,1.7428890128276632e-05,0.0834,0.2933,0.9896
RJR,2020-01-01,32.85074250618755,-0.08367575804295321,0.190125,8.219587491416066e-05,0.0871,0.252,0.9638
RJR,2020-02-01,22.69227243560363,-0.04696726787461269,0.1863125,0.0,0.0645,0.16659999999999997,0.9638
RJR,2020-03-01,21.977839398661658,0.0923348488087714,0.2235125,0.0004385964912280702,0.1879,0.16149999999999998,0.9638
RJR,2020-04-01,3.1785681547346227,0.099434205432251,0.30365000000000003,0.0015987795972452967,0.6858,0.031100000000000017,0.7792
RJR,2020-05-01,4.0717526812723435,0.08749426963139803,0.38471875,0.006961811042445328,0.6661,0.025800000000000045,0.7792
RJR,2020-06-01,8.236891557429646,0.10266613092431431,0.49178125,0.009175239793085368,0.4754,0.06940000000000002,0.7792
RJR,2020-07-01,15.099917499312495,0.12536304382040164,0.58081875,0.01656670332248408,0.402,0.046599999999999975,0.8236
RJR,2020-08-01,18.027546062883857,0.16707923848863238,0.52961875,0.023872798585981812,0.3788,0.0796,0.8236
RJR,2020-09-01,23.848427903565863,0.22024555862099426,0.4689,0.04219799806466296,0.3469,0.11670000000000003,0.8236
RJR,2020-10-01,50.187345311210926,0.17671871844919526,0.4362875,0.046908550224191485,0.3119,0.18920000000000003,0.9819
RJR,2020-11-01,52.40569713080942,0.16795138563276737,0.4273,0.05271269011868303,0.2579,0.18799999999999994,0.9819
RJR,2020-12-01,57.49152076267303,0.10869128716269938,0.4197375,0.06362836945212197,0.2208,0.20999999999999996,0.9819
RJR,2021-01-01,56.21619763498029,0.20689409518650445,0.42021875,0.07948635030284272,0.2791,0.2146,0.9523
RJR,2021-02-01,46.35049042075351,0.24586624460039985,0.42048125000000003,0.10647663015528998,0.2937,0.07950000000000002,0.9523
RJR,2021-03-01,50.05557337977817,0.13546711161893515,0.41458125,0.13430901770243747,0.2443,0.0817,0.9523
RJR,2021-04-01,57.89714914290953,0.15253369087821658,0.40468125,0.11101504316768449,0.2003,0.1693,0.9714
RJR,2021-05-01,58.80293794114951,0.18595680400180228,0.36073125,0.09510922091006646,0.1732,0.21230000000000004,0.9714
RJR,2021-06-01,61.88181776514804,0.17249935288544915,0.36468125,0.09025797143920161,0.1574,0.2369,0.9714
RJR,2021-07-01,59.23893115775965,0.19377282163911214,0.35533750000000003,0.08986201351666612,0.2623,0.3397,0.874
RJR,2021-10-01,,0.4425750675354453,0.41045789473684213,0.08985446591730177,,0.4125,0.8327
RJR,2021-11-01,60.16808912004091,0.4903790603921498,0.4892,0.0981981484486084,0.6181,0.38739999999999997,0.8327
RJR,2021-12-01,60.11839572347313,0.5508957711850646,0.5018578947368421,0.10001633136821482,0.7004,0.39270000000000005,0.8327
RJR,2022-01-01,72.86065103174106,0.7877431786923,0.5265947368421052,0.10508289757782245,0.4501,0.3486,0.9125999999999999
RJR,2022-02-01,74.69737686410545,0.8402265797973706,0.5441368421052631,0.0993439480810348,0.3586,0.3497,0.9125999999999999
RJR,2022-03-01,75.94260653926501,0.7675569443446288,0.531921052631579,0.101546782788781,0.3948,0.3769,0.9125999999999999
RJR,2022-04-01,85.57926579212722,0.7725766146502163,0.5238526315789475,0.10273010210185768,0.46930000000000005,0.4263,0.9971
RJR,2022-05-01,87.67941487231691,0.7962265686123285,0.5367473684210526,0.11291449606122193,0.3714,0.4093,0.9971
RJR,2022-06-01,85.57830087180551,0.855941000157068,0.5098421052631579,0.09643858302714155,0.4038,0.4041,0.9971
RJR,2022-07-01,85.62654688789073,0.845556776026641,0.5138,0.09369974993142609,0.4018,0.44849999999999995,0.9565
RJR,2022-08-01,85.73172320295652,0.8421483224018722,0.527421052631579,0.10004961726711149,0.3609,0.42600000000000005,0.9565
RJR,2022-09-01,86.71401209045163,0.8725067791980339,0.538678947368421,0.1005067845301174,0.2875,0.41390000000000005,0.9565
RJR,2022-10-01,84.25153542946191,0.8469054191994744,0.5051842105263158,0.09129781123633533,0.2434,0.4349,0.9345000000000001
RJR,2022-11-01,87.17524400422634,0.80492319102096,0.5199947368421052,0.08325124943393077,0.1909,0.4493,0.9345000000000001
RJR,2022-12-01,89.04429466736784,0.7505021310538196,0.5100210526315789,0.07436939998590152,0.2111,0.5055000000000001,0.9345000000000001
RJR,2023-01-01,78.62315519295994,0.7007653967442918,0.46812631578947367,0.061950577693011544,0.1997,0.4,0.9383
RJR,2023-02-01,79.27013426866276,0.6785718939036407,0.4632368421052632,0.05577677307920094,0.1881,0.4104,0.9383
RJR,2023-03-01,80.37931017846202,0.6830290737831758,0.4629947368421053,0.055781518483333514,0.2109,0.43149999999999994,0.9383
RJR,2023-04-01,82.30963328203174,0.6572141804254679,0.46062105263157893,0.06248975132481113,0.23090000000000002,0.45359999999999995,0.9393000000000001
RJR,2023-05-01,79.09741353107768,0.6362968260796799,0.47418947368421055,0.06868407677282794,0.249,0.39759999999999995,0.9393000000000001
RJR,2023-06-01,75.12676640726391,0.5686641473461778,0.44732105263157895,0.06990773536361133,0.2508,0.3758,0.9393000000000001
RJR,2023-07-01,75.9599751050557,0.6259611444918609,0.4252526315789474,0.06778693623624409,0.2737,0.41559999999999997,0.928
RJR,2023-08-01,78.18569784377833,0.6898216931999616,0.44993333333333335,0.07017476342802452,0.3269,0.42240000000000005,0.928
RJR,2023-09-01,81.49089838906552,0.6119992544096756,0.47123157894736845,0.062220431277740094,0.2551,0.4416,0.928
RJR,2023-10-01,85.0524192964766,0.5756593928652972,0.45843684210526314,0.06284887083787466,0.2428,0.4702,0.9396
RJR,2023-11-01,85.17496417733305,0.5094310999309066,0.44192105263157894,0.057619697845495754,0.22480000000000003,0.48589999999999994,0.9396
RJR,2023-12-01,85.84220657979166,0.5126684227513273,0.44675789473684213,0.054033003784421794,0.2498,0.506,0.9396
RJR,2024-01-01,85.38869402859059,0.4748669275944841,0.4338789473684211,0.04735817598460641,0.217,0.5012,0.9465999999999999
RJR,2024-02-01,86.45817418848861,0.47375817048577595,0.4335611111111111,0.041455368338980156,0.1439,0.5065999999999999,0.9465999999999999
RJR,2024-03-01,84.95380980026685,0.45728022784045563,0.4423666666666667,0.04209330419925131,0.1316,0.4767,0.9465999999999999
RJR,2024-04-01,74.10191381224473,0.4703883871732332,0.41959444444444444,0.041457861188316514,0.1738,0.4021,0.9388999999999998
RJR,2024-05-01,74.53784337091697,0.47834383857824203,0.41537222222222225,0.04454478783730627,0.1724,0.4021,0.9388999999999998
RJR,2024-06-01,75.66637129383486,0.5231252532192116,0.41028333333333333,0.045024321964052524,0.1736,0.4163,0.9388999999999998
RJR,2024-07-01,76.25762622095925,0.5615330536097066,0.4092611111111111,0.046915457233848136,0.1528,0.41859999999999997,0.9361000000000002
RJR,2024-08-01,76.198042391094,0.6267448296159244,0.4260277777777778,0.04871321792190777,0.1523,0.40290000000000004,0.9361000000000002
RJR,2024-09-01,74.73594687363135,0.627330047987487,0.4397166666666667,0.048228806325662725,0.126,0.3762,0.9361000000000002
RJR,2024-10-01,79.56732972774773,0.6794785840066355,0.4397277777777778,0.051019667278437375,0.1062,0.4073,0.9419
RJR,2024-11-01,81.44294720974527,0.6868650389236323,0.4452222222222222,0.04974438331756923,0.0768,0.4232,0.9419
RJR,2024-12-01,83.26101791589004,0.6833835703950104,0.4586055555555555,0.048595700281788515,0.1277,0.4455,0.9419
RJR,2025-01-01,76.78675100070278,0.6743728299252348,0.44867222222222225,0.047204425309948214,0.1689,0.4073,0.9271999999999999
RJR,2025-02-01,75.96276265265173,0.7110539005507738,0.4513111111111111,0.04550920527318403,0.073,0.3812,0.9271999999999999
RJR,2025-03-01,77.54504435685112,0.7482904306648728,0.4561166666666667,0.042580427139873235,0.1089,0.40569999999999995,0.9271999999999999
RJR,2025-04-01,75.37710962406169,0.7266162942460198,0.4783222222222222,0.051814160292081225,0.1362,0.39890000000000003,0.8962999999999999
RJR,2025-05-01,75.89044723520844,0.7090519928871918,0.4774833333333333,0.06067663538242182,0.1946,0.4012,0.8962999999999999
RJR,2025-06-01,71.3218443487029,0.7477782864433251,0.4607833333333333,0.06392501605477939,0.1871,0.36339999999999995,0.8962999999999999
RJR,2025-07-01,68.74242470539107,0.7774711697021579,0.4266388888888889,0.06589573866482873,0.2022,0.38039999999999996,0.8753
RJR,2025-08-01,66.41152565160264,0.747444991796317,0.4503333333333333,0.0689713411770045,0.264,0.3558,0.8753
RJR,2025-09-01,65.4729530153492,0.7111945675838989,0.4228166666666666,0.0566337971360848,0.2387,0.3782,0.8753
RJR,2025-10-01,57.2208472107638,0.6683613643470468,0.4130611111111111,0.051930260942786084,0.2528,0.3537,0.8555
RJR,2025-11-01,60.30036361414123,0.5949000255005195,0.4088611111111111,0.04132185536577723,0.23109999999999997,0.39549999999999996,0.8555
RJR,2025-12-01,54.97346737148736,0.521263070430528,0.3960444444444444,0.03210252063980236,0.2371,0.3813,0.8555
RJR,2026-01-01,78.09759525773826,0.4625335539394107,0.3776333333333333,0.026481032385949756,0.2093,0.43069999999999997,0.9934
RJR,2026-02-01,73.51269593913283,0.43020518033433774,0.3418888888888889,0.02327251479452551,0.1356,0.402,0.9934
RJR,2026-03-01,63.62279870850776,0.33086875956845346,0.2842166666666667,0.006221126707448988,0.1626,0.3902,0.9934
RWW,2019-04-01,11.56278866426451,-0.04417649909906865,0.0736,0.0,0.0003,0.2019,0.8613999999999999
RWW,2019-05-01,10.616498727232983,0.016322337614748415,0.06529230769230769,0.0,0.0027,0.19110000000000005,0.8613999999999999
RWW,2019-06-01,10.255470077635263,0.027854161484320208,0.06541538461538463,0.0,0.0026,0.18500000000000005,0.8613999999999999
RWW,2019-07-01,9.814056142775549,-0.00941745117158797,0.06268461538461538,0.0,0.0018,0.17889999999999995,0.862
RWW,2019-08-01,8.302248672585092,-0.0028267007294496913,0.06334615384615384,0.0,0.0006,0.1503,0.862
RWW,2019-09-01,10.151815367692166,0.018375247842192577,0.0636,0.0,0.0024,0.18330000000000002,0.862
RWW,2019-10-01,13.053442112017601,0.03652387557216979,0.0608,0.0,0.0005,0.19960000000000003,0.8875
RWW,2019-11-01,14.845892946543785,0.04506102043728243,0.06023846153846154,0.0,0.0003,0.2221,0.8875
RWW,2019-12-01,16.55161228907677,0.0068281424296799615,0.06343076923076924,0.0,0.0018,0.24019999999999994,0.8875
RWW,2020-01-01,13.932039177249553,-0.019565764202462494,0.06959230769230769,0.0,0.0012,0.239,0.8575999999999999
RWW,2020-02-01,10.408484173265547,-0.01634454811171258,0.06826923076923076,0.0,0.001,0.18910000000000002,0.8575999999999999
RWW,2020-03-01,10.270983027422666,-0.03189777973785616,0.09046923076923076,0.00016194331983805668,0.026799999999999997,0.18089999999999995,0.8575999999999999
RWW,2020-04-01,1.2805234915419168,-0.1851836207016021,0.17673076923076925,0.00034550099896420194,0.7373,0.07469999999999999,0.6633
RWW,2020-05-01,1.8996312148755086,-0.25584917178385835,0.24215384615384616,0.0010469192170113385,0.5675,0.06620000000000004,0.6633
RWW,2020-06-01,2.7782282801074625,-0.27113799067519007,0.3305769230769231,0.004022280799293529,0.528,0.07809999999999996,0.6633
RWW,2020-07-01,6.891980510093995,-0.2499128847755014,0.42180769230769233,0.008918739634798147,0.4115,0.07889999999999997,0.7653999999999999
RWW,2020-08-01,8.572315025702137,-0.19424301614185208,0.36116923076923074,0.011713914335347315,0.4222,0.14349999999999996,0.7653999999999999
RWW,2020-09-01,9.074370491548969,-0.1820061167258135,0.26267692307692303,0.014485883946105624,0.3787,0.1805,0.7653999999999999
RWW,2020-10-01,19.918627527024263,-0.11286163849294636,0.23310769230769232,0.01938741857271787,0.37659999999999993,0.21719999999999995,0.8809
RWW,2020-11-01,20.963636235430165,-0.05237389333755953,0.21522307692307693,0.026505706222018685,0.34609999999999996,0.2138,0.8809
RWW,2020-12-01,24.310202585021543,-0.039700983467948,0.2045076923076923,0.03345470885154886,0.402,0.245,0.8809
RWW,2021-01-01,29.019087979579318,-0.032022540544062665,0.22473076923076923,0.04548501714613217,0.44759999999999994,0.247,0.8917
RWW,2021-02-01,31.24308087182778,-0.05779029904233399,0.22876153846153846,0.05385597407953995,0.3823,0.23179999999999998,0.8917
RWW,2021-03-01,30.37435568373326,-0.08544812816063947,0.22288461538461538,0.05748320892175783,0.3045,0.19960000000000003,0.8917
RWW,2021-04-01,25.131771931432763,-0.07644340146365375,0.20834375,0.045556567362427636,0.3234,0.2167,0.863
RWW,2021-05-01,22.141122009350077,-0.08018647248321605,0.1731375,0.03943465022180927,0.2694,0.20940000000000003,0.863
RWW,2021-06-01,20.944289119075993,-0.05931043492069689,0.16476875,0.035016143225986306,0.2482,0.20499999999999996,0.863
RWW,2021-07-01,30.070354752956273,-0.018413897752318893,0.17400625,0.035559826799221005,0.2197,0.27359999999999995,0.8787
RWW,2021-08-01,28.90503254193785,0.010691304565204944,0.16659375,0.03458654744246102,0.2404,0.27159999999999995,0.8787
RWW,2021-09-01,30.93088275735631,0.06918452884885143,0.18346874999999999,0.036460374758143586,0.1871,0.26580000000000004,0.8787
RWW,2021-10-01,35.29597121642681,0.05985461434701742,0.20396875,0.03918494222752192,0.2328,0.29410000000000003,0.8857
RWW,2021-11-01,36.19603080025667,0.029031391362385202,0.2179625,0.03898906292228468,0.2159,0.2962,0.8857
RWW,2021-12-01,38.75068750572922,0.1075257774508752,0.23143125,0.03730830468586559,0.225,0.31220000000000003,0.8857
RWW,2022-01-01,43.42687230726923,0.1252868598187215,0.260475,0.04250084938934667,0.2795,0.30279999999999996,0.9195
RWW,2022-02-01,46.90794298285819,0.20576040501692794,0.25885,0.03689543044025373,0.2163,0.32389999999999997,0.9195
RWW,2022-03-01,46.324708955907965,0.1485244985676951,0.2577375,0.03602331021619253,0.1861,0.31279999999999997,0.9195
RWW,2022-04-01,46.57049225410212,0.15779367237727587,0.2738125,0.037421713866678814,0.1917,0.30269999999999997,0.9217
RWW,2022-05-01,45.61715097625814,0.18246607190238998,0.24839375,0.040602304966687576,0.1479,0.29500000000000004,0.9217
RWW,2022-06-01,49.547964983041524,0.17013654215051152,0.2780875,0.044625991504869976,0.1453,0.30469999999999997,0.9217
RWW,2022-07-01,51.9227243560363,0.23999132249250868,0.31085625,0.045534788358905176,0.149,0.29890000000000005,0.926
RWW,2022-08-01,47.35883215693464,0.346425967821353,0.29983125,0.043571103708640105,0.2146,0.279,0.926
RWW,2022-09-01,50.52422311852599,0.3666621364515675,0.31596875,0.0474851564957628,0.2319,0.29290000000000005,0.926
RWW,2022-10-01,48.64446787056559,0.4224436058987851,0.30166875,0.042505134616586976,0.2411,0.2854,0.9326
RWW,2022-11-01,58.150380419836836,0.39780508313103186,0.30843125,0.041024475537260185,0.2409,0.3621,0.9326
RWW,2022-12-01,68.31286094050783,0.3413629254872278,0.339325,0.037087749632255085,0.2893,0.4488,0.9326
RWW,2023-01-01,57.16438261985517,0.37147846875418405,0.32925625000000003,0.034455831881539264,0.2675,0.3547,0.9361
RWW,2023-02-01,58.51762306352553,0.3992842845694511,0.33603125,0.03475651628449319,0.2154,0.3487,0.9361
RWW,2023-03-01,57.87709689247411,0.4124994136850808,0.3422125,0.038643208239279817,0.2237,0.33420000000000005,0.9361
RWW,2023-04-01,55.1717618480154,0.4763845506665154,0.37535625,0.04653847110290903,0.256,0.2932,0.9285
RWW,2023-05-01,56.282656522137685,0.5043669113613831,0.37029375,0.05357226765534586,0.2534,0.2902,0.9285
RWW,2023-06-01,61.15535337794482,0.6245874782724534,0.37873125,0.06070039847675275,0.2562,0.3126,0.9285
RWW,2023-07-01,64.86903015858465,0.5290112787597696,0.40091875,0.06749056227171112,0.2576,0.3244,0.9299
RWW,2023-08-01,64.56480887340727,0.5409192899074267,0.39968125,0.07392303085557511,0.2505,0.30879999999999996,0.9299
RWW,2023-09-01,65.52445228710239,0.5122482866480275,0.4102875,0.07493721793708429,0.2249,0.3103,0.9299
RWW,2023-10-01,65.39325327711065,0.5462870115366947,0.3812125,0.07477174328704922,0.204,0.3287,0.9299
RWW,2023-11-01,68.84625080209001,0.5645974582272315,0.3701875,0.07295417534661887,0.1733,0.3681,0.9299
RWW,2023-12-01,71.73434778623155,0.6373409104895692,0.388375,0.06824235729458397,0.149,0.3873,0.9299
RWW,2024-01-01,70.76725639380328,0.5601290585057719,0.38630625,0.06176441169142618,0.1434,0.37529999999999997,0.9409
RWW,2024-02-01,74.46202676688972,1.037189583120186,0.3504875,0.052323810429613926,0.1149,0.4104,0.9409
RWW,2024-03-01,69.60823631863599,1.0459201529739959,0.3576625,0.050228576510574344,0.1043,0.35629999999999995,0.9409
RWW,2024-04-01,64.50006875057292,1.012403098570369,0.34850625,0.04802044420613486,0.1083,0.33440000000000003,0.9298
RWW,2024-05-01,63.36683014025117,1.0343018891577054,0.3304875,0.042335307387922856,0.1112,0.34550000000000003,0.9298
RWW,2024-06-01,61.03160234668622,0.9971423697029308,0.3386125,0.03801846428444375,0.1406,0.33640000000000003,0.9298
RWW,2024-07-01,60.22149142909524,1.285655915750802,0.3346375,0.035512300878638756,0.1836,0.3415,0.9293
RWW,2024-08-01,61.723118525987715,1.152336642735825,0.3538875,0.03289795222915069,0.1966,0.3517,0.9293
RWW,2024-09-01,62.059423411861765,1.1139954686811837,0.35068125,0.030316848388106492,0.1729,0.35629999999999995,0.9293
RWW,2024-10-01,64.790539921166,1.0643026126458142,0.35475625,0.02694250473455666,0.1379,0.36729999999999996,0.9348
RWW,2024-11-01,64.31558804656706,0.9442324701772874,0.35756875,0.02219221322186054,0.119,0.3698,0.9348
RWW,2024-12-01,64.52183976533138,1.0116814121404578,0.35151875,0.024177783471257954,0.1108,0.3692,0.9348
RWW,2025-01-01,66.57289852415437,0.9645937244787428,0.3635875,0.02525344122194147,0.132,0.3791,0.9372
RWW,2025-02-01,69.85803006691722,0.9969188112468725,0.37070625,0.02966221396036622,0.0495,0.3758,0.9372
RWW,2025-03-01,66.06758181318177,0.9605786971918661,0.3543,0.025836285331767454,0.0334,0.3591,0.9372
RWW,2025-04-01,68.12780731506096,1.1334578996673432,0.38925624999999997,0.028625281469937782,0.0387,0.35250000000000004,0.9333
RWW,2025-05-01,67.61217801815015,0.896968550545633,0.381625,0.030469552903734074,0.0376,0.3539,0.9333
RWW,2025-06-01,67.63452195434962,0.9215114979933499,0.37148125,0.03458070566522942,0.0381,0.35219999999999996,0.9333
RWW,2025-07-01,70.13131359427996,1.1485569298790217,0.3617125,0.03376385407447861,0.0395,0.377,0.9313
RWW,2025-08-01,69.46500595838299,1.132627303384403,0.36898125,0.0322086552234501,0.0406,0.37129999999999996,0.9313
RWW,2025-09-01,65.88424695205794,1.2061117398390533,0.352625,0.030523875625921335,0.038,0.3517,0.9313
RWW,2025-10-01,68.69614538454488,1.2180797815289843,0.3572,0.031019014193509442,0.0364,0.37050000000000005,0.9307
RWW,2025-11-01,64.92918690989092,1.332547167136935,0.35320625,0.026332154740822126,0.0312,0.3509,0.9307
RWW,2025-12-01,66.24232285269044,1.2956142848290084,0.34599375,0.022226082851529595,0.0345,0.3738,0.9307
RWW,2026-01-01,66.04065450545421,1.2222917344025803,0.3488125,0.019121562851481644,0.0305,0.36739999999999995,0.9391
RWW,2026-02-01,63.18096768453462,1.155633730084146,0.3180411764705882,0.011771433503133628,0.0162,0.37360000000000004,0.9391
RWW,2026-03-01,56.88135942799523,1.336308540952449,0.3152625,0.00527788000780318,0.0286,0.34040000000000004,0.9391
